/*
SQLyog Professional v12.5.1 (64 bit)
MySQL - 10.1.35-MariaDB : Database - ecommerce
*********************************************************************
*/

/*!40101 SET NAMES utf8 */;

/*!40101 SET SQL_MODE=''*/;

/*!40014 SET @OLD_UNIQUE_CHECKS=@@UNIQUE_CHECKS, UNIQUE_CHECKS=0 */;
/*!40014 SET @OLD_FOREIGN_KEY_CHECKS=@@FOREIGN_KEY_CHECKS, FOREIGN_KEY_CHECKS=0 */;
/*!40101 SET @OLD_SQL_MODE=@@SQL_MODE, SQL_MODE='NO_AUTO_VALUE_ON_ZERO' */;
/*!40111 SET @OLD_SQL_NOTES=@@SQL_NOTES, SQL_NOTES=0 */;
CREATE DATABASE /*!32312 IF NOT EXISTS*/`ecommerce` /*!40100 DEFAULT CHARACTER SET latin1 */;

USE `ecommerce`;

/*Table structure for table `mst_category` */

DROP TABLE IF EXISTS `mst_category`;

CREATE TABLE `mst_category` (
  `C_CATEGORY_ID` int(11) NOT NULL AUTO_INCREMENT,
  `C_CATEGORY_NAME` varchar(40) DEFAULT NULL,
  PRIMARY KEY (`C_CATEGORY_ID`)
) ENGINE=InnoDB AUTO_INCREMENT=5 DEFAULT CHARSET=latin1;

/*Data for the table `mst_category` */

insert  into `mst_category`(`C_CATEGORY_ID`,`C_CATEGORY_NAME`) values 
(1,'Wafer'),
(2,'Biskuit'),
(3,'Makanan Ringan'),
(4,'Minuman');

/*Table structure for table `mst_image` */

DROP TABLE IF EXISTS `mst_image`;

CREATE TABLE `mst_image` (
  `C_IMAGE_PATH` char(32) NOT NULL,
  `C_IMAGE_NAME` varchar(120) DEFAULT NULL,
  `T_IMAGE` text,
  PRIMARY KEY (`C_IMAGE_PATH`)
) ENGINE=InnoDB DEFAULT CHARSET=latin1;

/*Data for the table `mst_image` */

insert  into `mst_image`(`C_IMAGE_PATH`,`C_IMAGE_NAME`,`T_IMAGE`) values 
('4f1f956832e1872b3cac90374dd0233a','153328593795848_a0f7e701-44bd-4181-ae95-a27b07539127.png.jpeg','/9j/4AAQSkZJRgABAQEASABIAAD/2wCEAAMDAwMDAwQEBAQFBQUFBQcHBgYHBwsICQgJCAsRCwwLCwwLEQ8SDw4PEg8bFRMTFRsfGhkaHyYiIiYwLTA+PlQBAwMDAwMDBAQEBAUFBQUFBwcGBgcHCwgJCAkICxELDAsLDAsRDxIPDg8SDxsVExMVGx8aGRofJiIiJjAtMD4+VP/CABEIAMgAyAMBEQACEQEDEQH/xAAdAAAABwEBAQAAAAAAAAAAAAABAgMEBQYHCAAJ/9oACAEBAAAAAInNvKnFzJFjvGFACh7w+FQ9BubA6ihjKnSEVDeQT94TeUVpJJs51DnExR8PjiiHjH86k81qmgnOdQTeFwusYU2qQEsD7VcwzLI9fOoc51l5uUdHbSYREVWZq6TNS2bCOZdeOKrmcNtC9N6M54g95Z1TIJaq293p90hvmnrqxpSdrcvpM1nc2NT6dy/DFL1l2yTj/cFPjV0qrZZ6iaInbc06j2e1xWWYTDViq2Vp9SOc6P0p8FuqIa42inXuuTFle9Q61hcm4g7FS4bm3trdPm/1v8Vuhi2avWqjbbBdKG027YLc7DFw8PfPnf1V2JxRtvxO1qdnoWeq9u3HZWzq70XTk3EbA5vy70d0Zgj75O9BVe5VxzCn7J3GQz6Vgdwk2cbA4zzFtfXHErThzYzyqBjQm39h23K2Wk3udhmNFq+M1bTMci+TNPhLSrvNYuOhyVNs0T2dj7/YcfxPYF8OlMcpvNGyrxrbYdcvdc6CFrzFodz0OcouCQOUx1jr7bm7WFLBZd/3jJNDNiW65J1phGlmpPLUFBJvohnzjqTvpncbtgegeeUbp3ENJzfV5jCOUGjXx0mvNfTPVWk0+XpGw0GTy1BnpVI6AtPOfMhUh8RpzP8AQrWmNLx+YRRSjoplI1AsrYUfEDz2J5d6dja20nZJ4udVXxC+8qoBAcdscO8m7Q4kZickTQ5jFCXMROzuE13LlHLeRdYcg4lHaxxEvhEwguq5BWYhePQXlX7t25dJCAeDweMIh5jEVXxjKHOocB8JhHwAoiYCFjgMZQxl/CPjeMIF8YvhKp//xAAcAQABBQEBAQAAAAAAAAAAAAAAAQMEBQYCBwj/2gAIAQIQAAAAj4znkRODsRV6AQEC20GOOUQRABToEEAtdFjkTkRAABRTkVwm6XHIiCIgCgvPQsiW7wzpMeiIgTb+2muN+dRhXZjhYtRb3HIhI3u7dakZ2+b+d+XrLuQ11LnDmP5Xbeh3sNYTFMxZ+KrbKzIblSHXDIJYtO8E8zFRCf1L7yu8Wc5l11nJ2jTDzb/DTFBRaOu4mWrz11bcRZSZibxyxJaZgZiExoa+hsFk7e7sX4j/ABR9c9IJS0fVNWWF5fT6ip091KmwWZecmMPq5xm3bCiysrZSa1ObW3sese/o6WRxwo9WMWNdVYtiml7LQXl7pGMhUaWinNIjnDTJIgeUX9PG1Wsur+3WBgtHmhyekSun+fJVevUek8RgarX6WTpczm3tHniTFx9D6TQ61m7i3PhVF1ptX2vXXMrR0DWPoPds/fs9efemVVj575o9ebZehSTpMTi4V/6s3J5g0Tk3J3+IzWi2IopJ0vklHK3TlhOrWJcpvuFy2yoA4/pcTLkvMNcc8ggHRyKnWip9NSHDbXCMoC9qg+C9KnGqqXOeW+UQ5FAVQRE4b1oAAIAACgAqAooAAAAAinIoKAAAAACL/8QAHAEAAQUBAQEAAAAAAAAAAAAAAgABAwQFBwYI/9oACAEDEAAAANb6fkkJ2BzTC7JOiSTeA439MG8jkmdADCTp3d2bwfHvpQzJ3SdhERREmQ5FbL479JEZu6ZRxALOZFV8d5PzdnpvIPpA5CdDkeM81k15eo6diXL5959qq6RzT6PkkKjyLlGCY6NKT6BvXfM4FVNWobmX9HyFyPh+FaKea+dXplzLGWMaMUduH6Oh5bjCKolfCNQTBOJ5eVZjg1e48lCUHqTOUFazojFSQtgvqUtPoPhJzkrqzB6bJy9sIGsz+VfNpa0Gv6HAF4ze7PNdraHl82G5q0KtbM1PRUfZ+KmhCKTSqUPYW5/BUZ5rQRZTd4o803vMvOLQzXcb1+hl5kVzOky6FHZ6tr8o6N4TOPYr3r13YyNHnqOsb4WVAvV9n5J2yTL8PNtY9zzVSbLDM9KWnu+YtYvq+j5vHO0Fh0MfAyZ82ajZy/W6Y6fQ7dlDPi8X7GHlvOeH088m2PP3Ku16Kj7HoZknLF4n0Lx9KDFOvJZ0YhvZ9y77z3bp3WPwz0OPo4W2YTbZwXw9AdfQ3UTtDncF9vBo6W5emkmJkkwubu4cc6VwPpqv3tKaW87pUxN84CABGz899BpyWrkpmTpJxFM5mWhe+bmTsnTp2dkkkkkLOkyZJJnSdknTJJEkmSZJJOkyTskl/8QAMBAAAgIBAwIEBQQCAwEAAAAAAgMBBAAFERITFAYVITEQICIkMyMyNEAwQSVCQ2H/2gAIAQEAAQgCvthlp0xv8sTtgFGFtt/Q1SPsjw2bzP8Al3/x6r/BZhF6j/WKJAYIoSz9PNT/AITMI/1Ex/i2zjnDOGcM45xzb4TMDG8pSTx5Lr1pbuZ1TptWSBqB0bHPNTH7BuSX3KPn2nNsFRZ0i98lZCzpyIESjZB7rCDlYdRYnkqyV4S5xpSrbBhISsn05rUfqSxvBG1dLODP0Wada/RsFqyP+NsHAxu9U/L6R7wsved0xlelNjTSehHArOjnmpMb1THPoVqqbrLkTSrdrmsnHFKAFGyxwk4xYj7oeFp7kkty5qHXYF0l15r529dFWTnubNeqIHRUtnSnLCJEM8R7zoL8VP6wfJA/TzIIKVSxBTx/dCmSvqQl/S0/kFnVq/UpOXY1CvaI+gc6za7fG19cfYl7LSr0yZOp3K06at7LGtpNohUvP1JNhZMsupXDE13WqAArkJdk4GSa/Nh7pN5I3aYLr6C4qvUWzTklWeyD8RVCjw/cMqrJm0rP/uCJHOw1q4WBb1FkmNONLab+3iVLt1kJWCB6504GsVWp03SwmpCvfiZ84rVyWnKrl2gmY449gV1ywuwXdXDLcaZ96TampUdRt2QTBKGmBV7Tu5CRh3RSXqpENpPII0oVnTCc1rT1otC7KtuX3VAzxJsXh2/xphPcLnFATDgBlr6NkeTFgdqO01CUCyUBWteWWf1yqLcYagOojGrWoisi5AUXUrVZUlpzEP03TnWCJFjTq1auRyrbLzXOsJ6QMI52iJYPpjhM3oaCgUwobNkFeY1JnW3Kr1JPIspuiqM8PM4RwLUq8WKhxkm62/qhrrYLw1cjK0fchiy6RA6bVtFjinEKooTzNrmOcPeTTWz0H72lY6GatKYBFjK/clYXYixVjrV5cZ8myeVWxtk2VD7rayuiV5XSYQJzxwiAc6kT6ZvvynLCkvrEDK9EXSwg0Sw+u2EWAsdXlGJO4LAQvXVKHw3e41J5WQyYYpouyLRxsUC+LUkLYY18miQ1C9p6QGWgv6jnzCNQqdFoaO5AgvOtEe8wqfWRYK5zmtg47oj7hHJQTG8zHrtX/wBnCpiOLURO22oU+FVjV2L6ylTFV4sGpVoK7yjeDv6iVGyXTt2hLw5eXlKfuQziHTMiBz+uMYywGy159V2wXTm41b4WVl83igRqAXosdOs2bs7GvpCPpFbqeuXIEHCIrLiPrYOJxLeChGOsBZIRMRnRk98arpkM5rR3ehwKVEyC30lxxIcotVuuM5Z5dcubnEVO0OUf5I4ZRNctxuzTjpZV6V5zd/465NDKkgCmkumYra/BW9SifnhsXlY5wLlg3plLpKY2s/cvDpV2pacAE6es53npbDAiGwhEZO5TjFnI48nBAyWqdxZo2ko06qatFK1ZpA1TDmSYCy+lpRz9Dn7ezmn/AJ8ann7KXAHu+bSOAqEUCuRnEUaDACZ8rtAYci0uudvptpwlVoFpYXclWYEWGsYp7VhCrkyqg6UsVuZ7qGcXqZH9VerqibowwOoIxmqXLShWSS12GD02abfXaeVgNTNfWFbJJEaUbM6l9vKRfbtiRKI/Ss7KH5I+JV1FO+DRMt5HTUGlLhaNYi2OD0+80j26eoLtvYp1ZbwEGyNGqA9Y7lZFaX5y1Xms2Jm/dMtKfrNkilekUkgmqhSUkcHG2W+SxjeyQkEzliysqK6FdzrkoGvMEWAbYiSzb6t5b+F2VPRo/HmEftQD7Z8U1q1Ck3e3ab2lXmGq1renhUeUTa1Fh9qWlGddrrWgACe2dcToa6l9lgkaq63q6bxX3FTp2LC9GriNLuZwfeM1hvERyW4R5JZvkT8G/hblX8/wATYUCFLQ/wD0tN4Jpu4aZp1ctHWpmiNM3Auz4zkxoVjDXRijolSmCPtfCDZytI6hp1HTEO7LUwt6dmiI6THHd0jWg1UnDiY8m1A6U4MQv6i18x6CduWTPys/CzKv58qacy1sZV0KqL4LV9Y+uphyQuvFLUuXiO3VzxKIadXdCdcrzqeglKfO9A1HTVjfjxOttfZGmBrdBJgilVWmyAZeFFq929awSp6M1mquX4Hu+8P3X1lT6s15qTWrp/M38TMq/njNML7ROSQ7YNoBn6W6qhWoi2xXuKGqTpsa7NzUU2mhr2oroDRQrzKirpR315gcje3cZ24UCOZNUVw5QX2WEsd548MBjw/b3FpscW/LwPbfG/iZlb844rU+3QK8PVbB/tOxab++AyAyAzjnHOObZt8Ns2zbNsiPlHblG/cU5pZY/G7av+cMhJn6xFdmQhmDXbkV3b7Z2r8ms8RmZ+WEPKImO3sb7Z0HTG8SloxvK1WRjbOnY22zi/03CBmZIumnlnTTtnFH+7G3SdskoFozMMGfb9T/AK8jj3h2RZjO6HO6HO6HO7HO7HO7DO7DO8HO9HO8HO9jO+iPbv8APMMjUZ33zzDPMJj1hepNP9rZ5Kb8YmY9oe+PbvLed9czzC7nmFzPMbmeY288wt55jbzzG5nmFzPMLmeY3M8wuZ5hczzG7nmV3PMr2eZXs8zv5N+6XuVmwe/L+nP96Bkvb//EAEIQAAIBAgMEBwUEBwcFAAAAAAECAAMREiExBCJBURATUmFxkbEjMkKBoQUgktEzQENigqLBFCQwNFNy4VBUk7Lw/9oACAEBAAk/AtMWXy/WODL6zj+sc19ZxYfqwsDoYP0numfu+s7f6npLPYZgHODcT30PEd0bEi+5TbjHs2dqb5TK1vWdr/AIiN5W9Yo5e9+Uwh+zZr+kwFEIxNZsr6TDhYZHeF7csotsQv8AcUkmWejVTS2YlVcL8GOYntKb1CS5W9jyEpEsW+vhK+8Tco1vpM90cLWznBvvWQd+vlMT+OQj4awdvZgAYgvLjeIvtN18r3Ie3GbX1tqjWUFrJbxg/wAwtBE8ag3j8pk71WqP4Lkg/rGBWhsyrlnmc2nZHQQI3U2vhY90UuB7pEpnBwPKWcum6jZERMCH4gbSmHz/AEnK/OEVAjm1uU7I/pOf3DgTmYm6ur6mH6xTg7UqhatLag6jjmtpSwNRcu6/DiJvlNkALtc4MVQ/LlNkrWoKBTyw6eM2Nmctc5r6TYqyYtbU8v5ZUVQgwuTzE9oLZmxv4CZr71O4vkZip1MusbhEOQGGsJU6zQ2i4cORBaH3LZG8BBvaxlb2VQHLhLC1K+EfKdvoF45p4BrLuDottO+86xVqe9xgp1KpOZ0yi9QG1zveYG2dx8XDwlJOrxZN7wPnEILcrBYCCpsynUHovlwGpPIQEuc+rvkndlxmzjAjEXva57pYAJiC+soXc+6/KHrKWVuUpu9I5YTwhFiPkYBcjOO2Ko+6Dp4RcIVxiDeU47ObTnBrEKnFkSOE2i4qkXDc4TSq0909k2jdZ4QeyZsTb2Yh36aaHK89mbWW4gCqRelU1jN1dJVa1szi0gO+cyWJvbool6dCreo1+PJedpp3iKCL35TLq8VweOLhEHWAEX4iJ272GV+BMIFT9nzMyqDI/nNcNu6G1t4fwxWS2TnWMMY2UXnOJcA21gYsL3LZw4ay5rBkc8Q1itUpv7j2tb5z3VYHBfKEU6wtl/zFVlqPbGe0cs5U6ymGYmlh1IGRmp6LzM4nOLuY3jHCR0HoTTjFFsHlDhvmo5xTrkYN2xs0c9SCc9I2K1Fs+jNb6d8pgNVOsVVRMhBTy0J4RRgJ8ZU9pe+uUW5SxXvtKvs3tjXke785if8AfmJYx8oDA58hDlbLjN4d0T/75RvlLagXlepTy3lxbpvFwFVtbhHGJhppKZwOuHwPKDPI5/UQ59Q87+i5VRlyEHHOAA4dPCe6uWGJYjlF3zx5WlUXQZjDr4zebly6OUtLeUw3Ag+kVlljyvFbUZ3yi0xRapmw8crxbBCd4CbyJbEOQEN8YBQ8pvNivi5zjs1X0nIw6vYCKp7RgKhRcSp7RtR3Rs21g8BLg3tKjKLXa3GEZDFbjaad0dTZO0L+PhGZzhJvhsLfOF7eMzUaTLoH1tMVrjdM2Z3wrvnIW+LLnGqWcewpKBvDS5J4XlVQSpGWcOlMXuCtjzhuJ/29T/16D32lMsvdKQw85UBufd7oWY1C69Z1lgjWuJtCUKd/Z4jixd+7fKV9ox9YEzQBATp5ymqBqrISSS9qeu7wvKzJid6ZqYcPvC/GVOqPVqUyO9hNiABz4zZqjYNrqggJa9Nha0THc9Uhxg4Ri4LynGbJtVVeDqgwn5kyjUHtMBvzHhBKbMLnFh1m7mL4ltpNxKSMNoZvdt8P5w0no1XSw5U6a9Y3nF2UNWUHCLYlYvoBqAAIlPS2nztvSp7hINgPCf6D+k7+kR/ODGBVpPaxzAOE+spvUp4qoWliwNgvl8oKShlocSc6QhqCqz5OFGE31ueA7ooa2cqUqQUboZgLQq9PhbexX0AlB9m66oE3KaBrt/uuTL46b/3isMr0uFu9pus6+1YfsqcWyUxlNehA5tkJSqUqPvVmYBTUb5cIyNTW1vZqWsDcDFrAPKM1+d7TMz/Sf0nZPSvzOcpYz2jnb58J9oL/AGhvgFTDrzMUM7sqUk7TNpNsrVK9TaUQ52Sx4BY60KFIlWrlcRYjXDfgOc+0K1dQrMmBurWwH7sppUXbfdrOtytTkSeB4Sp/dUJrU6XBHOplO+ymodmoD4t74wPWUsbol7c7R+trbV7SpU/p8unmfv8A+m3pOR6FLMeAhy7A/qZ7JVpNmvw5SgimtRHWZcWEO59lipiJ7ROFfpMiu0ix+UbAlSpTpO37urTIdRVKX7LHKMGvSU1mH7NV1/ivpKt2VAtSxzF46Cp9np1SqBYKmvWfxRMGpp3+Onpef5farvsx7LcU6NZ2z6ff7Dek5GHBT58TFw31PE+PRrtNZKfy1b6CHc6tUTxTX1n6Tb9oDsO5BnN5sKVUtxtnGGJcJakb3xLyn2dtLtoiYd3uuZs1FWqEs9Uh2JJ8Bwm1HZ6tPE21bSThYmp8ADTaa20YkH9prGoG3Ab4BoJUWjV2f9GRZrDQqRym3O4R8QVUVdOUp8e8wOD/ALWt6RgbOfT7/YM5Gd/rDGv/ALd70hwjZaJZU4u9Tl8pWC7U+0muLISQ3AX5GbObUaJVUD23jqbwYBiIWpfeCHRYaNPeLEsFLE87m8+0Kim/uj/ibbtNVu+4HrKdU/xSjivpnpNmb8cFhfLoq1B4MZWqOo0DNf7ym07Dek75iJHKw+sRB475/mlZz3Xy/U+cK26v3e+dlugRYPrF+sXOL9YmQ7/vIxBlJvKIxiMPlNmx8c1vNk1yvgmyD8JzlIJhyw4CfOW/8bRFvfsvMK6XuGGk7LTnM/CUn8pTfyimKYsUxYDAYDAZeXl5i85i84X84z+cd7+Md49TKbTU+Zt6w/A3SSJVf8Rlep+KVnlY+QlT+URx+Bfyjj8K/lHH4V/KOPwL+UcfhWVP5VlT+USr9BKp8hKp8hKp8hKx8hKx8hK7fSbQ82ip5yq5vrn/ANT/AP/EACgQAAICAQMDBAIDAQAAAAAAAAERACExQVFhcYGREKGx8CDBMNHx4f/aAAgBAQABPyHWGB0UELQH8HIDRjW59HHDLl/wA+hybQk+yMhyXz+YhMfo4/UX+YggXbFhIdh6v8X+Z9H+GLMO80ZR6QhsbALB6rE1O/wTrQYP4QcBxo8aE4S9ChudBkw7UMQB5E3DYNHUbXpDqDKWWc9cQ5wTUEu9Iw4oB3rWEI5Ho4/UE0ijIIUGCjejzAQEQTYgiTplcTIEq6/SEXgZp+6IGJBMADla0Jt4usGNPTAaRA9+04pgAe8YLatrY88wsOlI3qJqK+G6RvDBUS9OAhcsCChAbnhuJeBENLjTU4I4D6i5uICA3a/FlNmXcvaF+8RyJWECXyAFxClQAKDBk2siOAwLtkrQH0gLKdUq9l8yskT2MfmRbooJCNwXJiiBQT4nHE1gUGUztBX1pMktXCX/AMUNbuWLjotpX3yDJyTjEBilEE20G1Fy16JAZUPidSg012uObCC11jIbYD6CHcENHW6DUw00kX1V2jhItyS2Y/wySw4cTTSxYIGoq4aKHOKIIukqWvW8qWtDQEh2kKAm7Zg92jFZWlscRt4klVewYCDbprVWluYsQ7C7BOvMr16hj+0id/5Ad1NvdwbG0Gj48rTrHwZa8IdvaXmTKpgLXECWzNOs8iWagvlw46YAOhcMc6Ibpr7GMMLYBmCvFmnvCL86DbECkyQVt0Erx7SCbAXMCdJQ5NO5a1YDVbVDi5PiJ2xC2gJ1RarbE2h79D7giwYsp8YZBjkMOL8ZWY3NxjiXTMR57DB3HTgw0Vw3q3UbdNILWnIg25EJi0EiBnudRB8DdF9neaVsBAePWWnL76iW0ELPL5mpELiaXGDVfuDzSVHuEH4dvY+TmX7lRfA3liNAr73AABqFdxmP8kDOS0HrCoKvBJO1e0NLgYcjdHSAnsKrLA6CUqthEQz6BGrcAMAQg5R18gEEDnmDSxFS1x6nRwGESwpKxE4HEBM96iv/ACmEfTd1Y6bwjCFAAIXCkxRxboWPaNfNSDe0y2jWKyFGUiQjQlTUawHaIpQsLgsBeQTB6DiJEqQJR2cTKDBIBDqCMwkiaNcaZDTeBIuaJwD1cgz2bRLimHtNQlgFIPAGj3hUYQARwNDF5IwdBpLDsKDSa4dWQre8y8QaVMyzXmbk6XGSAFdowlYULeIZgMrWzIh2aW6pkTa3XaHJhQ2ebYxiWFIATqtqwDALvWd6whfJ+JQjHLYNtoTsTLoNokuyw/eCiyFJII5dvCF6wIHIG7eIDry8cIYmFlQJeYWeDBL2oZaz9CBgvqbz84CEbszBDicIS0G0SIDYZPsYoAkBIWDAmwn6uCiDugPaGHRl0ChALKBsQKPaCNxAtBpfBmFAiojokNontqBrUImspyO8+02nbMA7Qo7AyoI0h1KRZu7mccltP2gIvC1EoxQBk8RkOS2WeKH61AYs8ItFxCAAUv2IMn3zp2jndJJgrEDF5CAlSisd5upWMoqgMjT2MJp9IMYgHUd3sYGkcCSaDA+HCqngYHDO3MGOGUjk9ZZoQcfvW5ek0i5L9pyOPvl+L4Iar+NKoGlWWZ94KAIk47yi8KORtA0jia9YzL5PEtrwDRPWFYMwLF4L0hhVuXKmaRzhxATwAnyqmp2MNR6ATTUxxYECWoFoS9FBpdykEAjAAQNwyAhNIZauLT64ZCIXRsFcwyTQkxwcBLJbTem4wKBCiKbIuJMXipeEBOkAqQ4hrQIs94I8nyoGXB+IUDXdmHD0qA0WT2gwDbDNw62YDUN0PjcoGYqx1MSFyxgHUassxxlsdW+GSozr3SooXAY1/fBUithVwFgBtzUqBnqjCCAai9FDw6JygZZramCqAABO2IFd7QBjUBVGOEgIRuOhHSEBYPRTILjBAqo5juk6LY7HDo4aybtvo2Dl44pTtVrAIyx3m1mSj8jOEMIyECmhmOnNnIN00BWsIiJUldcBcoOCCF5mCdioTpdwoP7pEyEwR73iRmq0osd78zPGIKUsfEL8SgeqFOSGuwwIObRzzAv7LoYOJUD75hJHJJhXHVHZMAknrUA4BgETWL0YR4DtCH+xK09PruTyZTyapUysw9hxNALPeB5EnKrJGU1nsIhlsjpKCg0h2XdeJrESboW5hKzYfeEvs3gqbQcBilbtXs1WHCQhIBR5SELG5Dk4132mULWqk3AyeJ1lLakWlEO5OwcNNwpct2JdDGfmD8fsDiQNIR3QKkHhir+BpBFCZdztuyPHaAi+TgQmFWC5wPHosLkRb0Ae6hCPwwGxuITDX2bQpnMTQAMyscIfP00gDiBiAqmQ5lPyLY5BJZcING6r2BBCGnYLIzQPVCyD11j2aG0FfEzNquzL6CpGJQjA6L15mnFCHeQdYWJmCGGr8uYYes0D6SicC9gJYe/6qTAYT6GLQx+5DrIcwOroCBQfUOsgC2SjAmpovXIHoBmi2ENKIdcpPEFj+qA7RdcIL2Zlwg0pFx4A4mxauVwEQgkxdi3mbxAwf0XEcpBTVBilY0SghDm/eJK0YcGLQsI8RGgru8hGVwQt+Ufq4T6YT/xhwEO0/ZDnNNDM4+wH9kZiytqCB4CJxkbqi0CMwKT2ixGIOcKyCFHIw48DTqUQgVQc24GelIfrn8rNlDTKhHI+XAiuewQ4O8BEGyxmCz2pDZA0gMYJE9j1fuK7qmBB4f5ETeQpSQNdD4QAK5oMpeT+If6GRPmYe0CoXyDwFQZ09MEEWsxIsARCJEiRIj8UHsADht/KKb9dYY2FfiGuofiDUiOohoYayMjSFlZgpJDwCHtYaQ7wDEwjXgJcUEAyUx5/BxwIcKIEdkU1sgSEvAeIaBwDZLEL1oRmA+mlQpkIVGM/9hERKKVi9hzU2TI+T8CIgABcgWo61/UJbjI0sQ7y9AIKBTce80gRWtlDWIDKf9FR0JIWY0qheZ/9pOR5E/3BOZ5E/wBYT/SHoX0BBs+c4POAeAPeHvYDDC9ofpyTKJKRY+jASAJZMEiEShjUnEFEbJOnGhqG3m+kCpC8HT0U9nAqYd/beAH9iAX9zg+yfEH0v6ivwg0qcPpX6nG+3E+3+mfV/XAP7PtF/Y9p9L/UT9P2n2n9T6v9J/riHmROABQPY/gEfo/4Q/FfmP5X+Junef/EACcQAQADAAIBBAICAgMAAAAAAAEAESExQVEQYXGBkaGxwdHwIOHx/9oACAEBAAE/EHKv6Nf1RTvoDLlzU9k/MR3pLzzHR1ePepZGC1EEQM5cRv8A4XBl+gNwYlrnz/ki2BSvypcGDBhBiYh6LhHOAiwQsuX6HqGkVBo58VJuMQYMIGDLqCxEX/hewYhjOEu4eihUANVwIXO7ex8aIIYSBAOLVsd3ANRTz8PNG+f/AKH0ZCEv0GLAWN6jKh4/UjegYaw1JbSO/wAm5FAbAWpS4jhEGw4j3XAnPatewKLtxJrFoFSmwQNlhCh+wwJ0e/xYmoMILQYM1hV54gwvHq7Zkp+f8QIWsIFuCFduiV31eiF0m11FRD5QxA5eiPDQOUE6qOS9QkGrRwflNiBb96eYp3W+I+7JQnI8i2ChQcJhqnxAfVViMLoSgtnGV9Na9NwHLIzgltiN0FlpwOgbUe145tY8ji3h1ND0SBkK5k1C8ZU3KvplhOIMKqCZX9AytJBHRHsW/wABHgf9a51fcFgT867CgdMCdAbKn0LDZYs9wilaGeKOSjxUrQJ76v8AMEW0zxRD5D7CGqD/ANrxYeGEP11PAQgJxnEd66xwL5YdJPv0DStKbXMRsEMh23ugupHy1cQ9lLHnuLwbSn1I1FtF9Yw1dNsBojbfUs6HglwM111lJXOzoIAir0gLcqHHMYtc+kXLa8HliHnUS3NT/qJw3q4nz7d6RA00CPsbYwCr6PZWSt1+IvHMNIIeua+WtR0+1xrcoVqyjkuaJjQi+UEFaQtjt3d0rSFeFQJxCp72AR2TMY+3KgEIyQA+argFUNUqZX8zlYYKfDHMGhHVySqM3psS9Rv+2xTLtSp5UsB2S4Os7TtcoFOqVAiPG7hCfJYlQEhfGzylRe9oqQPNo8kXbg6bmjLv6tfrYQhZzPyEMJ/e/ASxMVRZd41lxfuugHQTfL5gscVjMi090DIvvzbGcIqE7hBaPiUDJw2oV5LTEgVvFtxdKwWrBUu3lS+XYvyBkU9kgxCKWIAMSHjITeALalEOWwJczqs3Dg1BSrL2CKx7UvmHAYBtF5EWUcqYMzgkgBgR0+0i5hhCtmXeLKJ7DBygYyORcYuhAXFxZw9lylPZGIWv6YVxVVjZD3QsqubPIorBaTOUhFa6BLtyl/TE9tKdo7+nM0sTfTy7j/EME0xCrjhuX3yMt8qe7ubs0YDVCx1kOuYjI2AASk1qpLeXpYb4Y8pGw632IjTAkuhjRIah5KgOiLBitNQGW74FAdwrK5qE6djV7Ui8/nI/QK33nKGIOx4l8RJydzsd7lGGACkQULwS4bPTdYD4FDaLOUAgDL5sl+/jAKj3GsYXfYr0h4CHcdXKN4eFZFCEBWiZzdqORjTHBYBtysi4UT6SaLzRoiHKBUCETXw5tRTj5rG6ziWCLq13rbPcYcDUGvHlU2nLl53aVPDXHRlJ7qLpUfFMPPfQq3fCkAi40m2gNa8QjC6pV/klcSryMLdcSHMI0OouUXGyjRrKK0bXAq3JKMJ0LaAg925Qri8rADolsVZyhB+MgvSlt6jU/qCQXLKsO9hYqi4rxSQeYLYmnS8HkINwZ5v8XzyxbX2qgXdgUeioKd3sbWK3CVt2QAsYa8tfDm9ix9mj5ws3ITC7QPTCJqy0NvPJrxL+oiyfAfePtBOCD7+Ia8glDulW8Bf0waaHA0wq00r+mFShVKRiA1moGvAKWy4uh5WR3UgaQs96WV6t7IP7l7KWtx9hcKwToiLxUf7wWGV5jV4lgg/hD8tYJFaKrtcrvTWpugrSB2GkaInk1jfJiKYMHcYIMEgpX1p788w2ksOQn/zp9oWNOtBFUTdBUuVvrUQCIxEecf7wELuy1HKS1NwVaIMXDpOAFUCu4hzuQoPkXmBvLlgaFXfb4YERYoAYZCCbL2Dbrwvu41vhVRSVou4ULzQA7H2+ZbmgCV5V1jzNNIC30vPzDAP2WJC7rQftncH0Qnaim76bC+xUTALou7vIWQqOVN9yYBmUkuVnMJpAcvAZOtTBdXBDLVolydyHk1eRb6JYiwK8KB3KbeyED0vbbUX7WojjRPYbtwhsXz/yiVuXCa15/NKxBajlSnB4BFHUSNtFqHQB0VzN05Ul/FrFSukEULEPm/ZFr2qRYdtlG3xFVINWIMbp1izi7Yvl5mdQHFkR4SWWFKOryHOLiIKvhR2Yaxe8ChUAhG0xzH5EKWH23KXRhgHm+WLgijYK3xHsOkKLyExx24ROpURgSy2Vv+dhIlHdCC1uikOBbXU6pftPiJvcFknEg8vMsiRuhLGKHkYPpF1oq+Gyhlr9mF3w/wC0UrrkWvMeS4wKocvSXxld7FRAc67X5YH3WmhcJ8nZLPwSHA72UrRFV9V0qRADheLAp2zkKRO5yka2U9bf5tVDpYXVRSjDn6IrZigs93dxOW/0MJCCHt2oC2wOoWAb7EvJVW9EBbQg4qzvglgPWxRG8c4ykrPwAKGdfMWu8ZlAxMg6ktSnwhZ+dBSuxX4IRSYKct8VLae6inZ46FlUVqTzAK2DF+uBfyqAzAQFp1rDmHnhla0F7FzdW1TnkDa5yhp/8Sooy5ywiX15yZjJSULGo237LYXC/VCEEFADHlG/t2cJbQ9oXoylAgFF82XY0VuR2iz0KLWM1ivaL4FHBUPTA4qKPHC4fprMzzKYuIs4QErjD096/g3DBWViebY31Av1uDy7BlAmcMnzDdz9gurAliDzL+ZdFtrfgju/vFsQyruJEAuzmdEKoRGDUiPCOjIHQrINqLHUIkCYUIXjQiVkEk3FvA6UPL2us71pZ7lP9lVQ9O0VM9C2V0AxlOYKpilqCulaTR0y5C0QP5UhWNbqy2m1WnhKev7Vs7o+9sE09o/VCPDymUfar4OJZTUowrrIV6drrphKXR0uOtWXJXDWUoXuLarqast5Y8ty23OcD/cdo64E8xgTuWRfygVIrZZeyxYeHMUcOY+JrFSc5/crT6Jy2c4Qy9Auns8AfxBpVc7LX4R0dwvvTfu7tZ16n+i/ybFaj9y84A1ntELD43CAj+YK/wDxwys3Sut7R5zWVI0jOc84IQohfkpVO+hid/rFzJvlAhImwfr5f95gkVqwFyMPkhya1fLYV5iPoIOQYs2tpl1d90dg3wRgqi0+L5YaG3+8usZcKmuZPvh5Fz6SJeo6Erz3RSjGAtDlTpYfJQ+lkR71MB60Po1Z2YSRBawcQWeaLj/UmEKMWoJVv7WweacXQxv1r8DSlzOg8nSWgAuS3QYi8NYNdKoBp7WOXdbBocjA/bWW+KlQYJoFKdkAxvFi1BDEizVQWdvzn+l9QFCwY+JUXHLpI0E7/wA8AIwM8oZEroVeLjJAK5W1GhCXjOLky01SSK4aJRcqO1VsXU+wQ9rgK4lfLV0gsqhq9qxMeYVV6NAkZcKgLAptvPPLKDW9PXwGQHLLi1AORoGWEBVWLhe0O5p/EKRK/wDRPIvSS5SxbWmEuKsuPMAgUu3SUQlg37T5UH7QKdyYLdX36EPYOCD4UPoT48Cr4rimU3fiFUx5DKlU6LqusKIei30z2vRZkmojHib6VXtA9hj8WwdqbXANiD+gufKi/Kmz6Tic9lIS1sF98jmMCW4Ft1fmFiu6FtrhLlQk8nnTz7Spare61FYbzsWc27EZeQMGKnoYIypvhGFIV12X7oSSOXylhLOJAQeXxCgRBppy1YujLyChKnsjXCGriOtC7aLAuJd+1b1FvIfcQMk3nbEh32hpbKbC1KVwLLg+sAmTk1nnHQoNJRsqlgPt5cGTLb8B/GKIG1fS+1cEvn2LKnTHyBAFP4EDjGFQj00Itkaf2E/9eBAZHVZ4V+s1UvYkpI2pT7PHMuXYMb+aYGAEcAWV9y6OCxtPkhm0jatQoVvY2tYp2JR1lWssWvZVOXKxNFAnyIfFpqh7t5GU8RrU9/8AhP1phHE/lJV19w/kMJVJ8r/Mv5v8rJwmxNX+YbTp8TFex3jit1O+V/xUK51+Bmsq9T2xKlKvzsnX+YmlkD4R+Cnv/ED+IBwH4D+peRPmDiFYKPEhiTYQhD0P7irYuX6L9CcwrsuFRIcynT0q42Spyj6EyFeinUCoVLJhOJcGWR+IssPQiPEtD045ZVsjF8T/xAAvEQACAgICAQIFAwQCAwAAAAABAgMEAAUREgYTIRAUFSA0IiQxIzAyQDNBBxZR/9oACAECAQEIALLcVpvgfsOMuKD/AG+PsGaj8vLn4s2HD8eMP+iM1P5i5e/Em+Jw/wB3j7ACTwBBIzdQ0Eq/zqTxdTL34c2H4H+1xnH2xo0rhF+UZW4eKGJB7FHX3Mj9lAzV/mpl78SbD9nPxq6y/dPFev4VvJuO0XgFk+0sfgNUxeqT4HQSRImfwOoe4S7FHVuTQpypzgHOv/yKu0rEGKFYiCrtJI3LLxz7xwNKg5NfjlWowFLSMLw/aTYfiRlSjbvTCKtrP/HtubhrtDxHTa/gpPeSlslrSzlxX3EZ1MUBiRwfUk1k1GKiRftLZypG5r3rDTydppCQ+IGf2X5NURWIbqc6AjsR2JOKvb/Gu7K3BjCsxYIeWTLv4k3wOBSxAGn8Wrur2Nnp9r4zE60qce41UkMsscHkuis2FgitVxPsgrwa6WCO/FYS/T1ojFk+W+K02s9YfOvGa9cV46nmHjs0SwJuaMkG4nhii10iL2nrwVvTIBDxLwVQn3HBnHA4eFiuV42QGTGjWQd0Rv8ArEiIIY2/atLjDg84EZsrytTcvEJj35EhZhyQXUe39Xkssu32dqf15J9nsLCBJJtbLLKWFyKSrJ0fucgjeeQIsMSQRgRid2UB47MUYJIYPyyqyMp6iQhsgZJkBMSBEAyTmBuwVU57Dnkci4D8pMcC8njFgQxDoV9upMYRucCeqeUJYDqYpPTz25YqHX3x5QQOLdhbcE5bnNZWKRNK9jbzwM4EG/6jiSTeViAEo2UtR8rLPGnZTUQzSqBGj15DwrKyjiVe0bDK6kqyFWBUDNg3FKbIVJByJCq9yrOxLYwB5Kq7q3IYxvGWKgsOA59iTNdigTmSxZey7NnzpgjkhZZ0b+H2jTRhU2dZoKMUhRHc8CPWX3HYejZre7COeRC+RSARR8JaZQqtD1YB14BGD+k4XIlVR7bL2oy5XYNABhH85yEUcdVUBgIlkLFV7ey5Ij125Fy8YkZhPrbFpg2No9jGnY2ac6+ziOSNsgE7j9MGpexHFPNWsQVlCL62uf3bd/LDXSNDQRn1xY1gAqrlauG7h4R0JQAcDJyvqsc186uvp5tD+ykyAt/GOqeicWMkc4eIkHIgBiLCGMVx2axw3LG/VQgqNVbrQVEKx15rx7PtY4En6xzJy54qIRycoW2hrLGj7LXr/wA8228dX/GjJU2skq1dlVkrRqTUIPvkMoj44eWMdMLgD9V2Z5J3zVyE3Yxmz/DfIECsvHy/qktkqtCFGBvUYCQTH3Aafv1TO0cjhM2jhQFTWUo6sZ9YyWLRAiu60zsogk1NOKCWaU7SWMN6cm+2EsYieUtLIWxBwoGeLV55XtdNl84sAWXXVXljjlVKEc0qgL4rKyIZJvG6047ttvHLNBfVj1nteizaH9owyCyYyOWtIw4jELsC5aQuhGKyKsYYiBAPV7Ro/ohPTksJGYYGjjgGCV3kilkVDHZ5UwpagatLZVUdo1j8N2c8Ss13UTauYxSpYi4/T4xZIlscXFuWqzRjTQ2IlPdGZWDKiWm2EVeVU1oH9Td2NTToj0KB4vREbQ/tm+K2ZkHAilmlAyz+tSCURWBa3vdREz9vmAA9qKfyWWDY7B60e38juuzwrBtL1+OsyUXaIQzU/E4od36q7raV9TTYtetvfleSSOJkfNErBpuYDw6gz7SKCJFrVfIYkmWWZ/Poz7pc8insqRHJK0jEmh7XIc2X4zfEWEiHEV/cwU4+0tnc+QXu0lDWUp93sFSa947rKOrkUaDw+K1WWxdreM6ilEzx6vaUpNla1+Lra0dtrRXbwPtflRK3po7jyXY2r22lRwcX/IZomDTTrij4jOfhS9rcObH3rH4SyxQRl5Nj5ISTFSrl578BeCtE1cDNXrYaeyt2svhXjUNbLQUAEgDrr/16nR2p/Jrd2U+nKrQjW6yrr3tSitcjstKmeZ6johuRYB6Y5Pi4k+Zslh8R8af5UGbD8Y5sdxFS7RpZu2LrlpfTXnnPGqYn2yNkMgW0Vy2kcHJMw9SqjYJYJIgsk281sKMj/wDtOvg56aOa7dtT3Zd3sY9fVd49JXv60fPtb2T2YWBr6HWwu62blaWO1KkXjMM8cs3qfdU/Jhy/+M2bpedjYxFftwPl5h7nxOqIIJLJmOx+trNHt/U2MBjWK04gWI3NDBbm9ezFpNGiBs+W1USnok9NB1VLUA7dxaqY0oZiR2GNDWk/y+XrQ+8P29GA5yp+TDl0ftnyfTfNW3laLT1Ix+qOrTg/4y/GM5wuc7kYzs3ue2c/Dk5znJzk5ycPv9qnhhhlr/LZV/Kiy2P2z4AxHsVcjCjf9GNzhjfnjDE+GJwpPwP2CJyOR6Mmem5/j03Ue6xygEYUk49+sntyqqeSeiZ0TOifxlX8uECdDJC6r8nYz5FuBz8i+HXvh1khz6XJn0uQ59Klz6VLn0qXPpUufS5c+lzZ9LmwaufPpk+DWTjPp1jPp1nPp9r+R8ha/wCxQtcjiaC5AQDVRltQk4PhwM4GdVzopzomdEzohz00z00z00z00z01zomdEzqudFzoudFzoudVzgZwB/tH/Z//xAA5EQACAgECAwUGAwgBBQAAAAABAgARAxIhMUFRBBAiUnETIGGBkbEyYnIFIzBAQpKh0VMUM0NQwf/aAAgBAgEJPwDyN/MeRp5D/MeVp5P5XcxYs6NPJ/JiyYa9JZa9m7hwnRvtPJ/A7Nmy/FUJH1mLHi/W4v6Lc7biUgWQqE/ep29ylfjCKB9SZ2zMHcEqKXep27JafiBVTXrRjjIuNyuqquoIYQYdIqHxqePe3oJ8pZ42aqeQ+7hfM5/pUXMwxDyY/E3zbgJ2ZGcf15P3jf52mNfYMikP5S3XlUyP+7IZDdFQVsAVynYzjJxKDkYC3vjP/DkzPk+CobA+Zm6YcKY8fxZhbmAq2fK5AIohV2EO5dr+vcLniJ3Pca77E4zhc8h7wSTsAJ2lMaYhqfCjjWB+c8vTjHTFtsNBRWrqTxM7XhbHh/GwbZZ21GyMaUUQCelkcZiL4svZGVjW1hrmdSmbGuNHJ8VKCBc/aYZca0qUqD59Z2gMe0EnJRvjyFTIyoFIGzXvzup2xfw0Nb7/ADJg1q7l8RXcMrbiCjewi6WMFgzkeEUA9w2nzgn0nkPcJp1FCAxFlb5r0MNG4QSYzD0l2N7nacoyHbUHK/adryty2apkBB81kzpY72Ow4xiagswzZodxBv3C1Y7zn3eTuPKLvyi2AaMSgJwuCwZw7tpTeycaG9e7YuvhEVSqsQIgq+UBN8ztUYGuIuOBw2Jg2PEwWD3dIdjwM4irnl7jtCSBDvzE2l3PpCbEPEwlQeAEW1eqPQy4ugBQCb3h2zkaRXGopMwtXx2gZJrYDi06CAEjiYdjDDwMN7nedB94KI5w7CG7l7wwWDDtBbcrmdG2FbGhGw6R1JEUfI9zIPlcyvmCigOQA5TsqKv5RVzGVPp/qG2sCodjlC/MwXQAg5DvYCofFZn5fvOEIvv4mG7M4chFJLbgk8IjZMw2IPBY1IOf+pZCrTE8z3qpqaEH5iBO1D0QFo5b2YBOtdN3EIGtaYcLl2BwjWTxBg8RjUOUO17T4/adV+8HKzDXSEbwbCDblOA4wbCDc7aukYOCPaBVBsg9YhTENqEyI50C7Ybb8fSZ8jjHjOQ6V0qQvKz1mMBb2vczO6oBQRfCK+UtoIOCpzqF9OoGjuNoAq874xSXYgAAzKEIPBRc/aGnfStBStzLi7TjuiUPiHqJ1P2nURbEajDZi18YK1EqWJoAgWIVBcbHj89oHDagpehQLcIiEF2UlrZqXjtyuZsgvLkXWVKUGFgC+Ucp4AUIBOog0QPWYG27Q/8ATVqwqoCyZf3Nq/iUXyHSNrCuVBHOjUOJARe5JI+gmXG1IHFHiD3ZPZWq18d4y5AaIquUoKVF/qhIINgiZcp8YB3PrMucEMQQqiNkOfKvhViLUdSBObTqve20xgLzJNTEaR1b9QBoyqJyVhdxjbQTsd+U7f2cWMe2PVkOrH6TtKhHp1y6kCEHeyT9poz4M+UFPa6mA07WoJ2BmTMFcABMSeEAdOkfP7cOPxs1pXPfpM2bNrGkliFLeukCUMKDUmPjpb/Q5Q7KKC82J4LCSzkknuHJY5QE7npGsgjcjpMJtWDUhAF/Odj36lxMWHCv5Fs/UwnfjzJnmnmHfiF+ZtzHVL4X4mPoJ2bOmIA/vqJYj4TI7XZyOxtqHrOz4/8AtOTtZtVu9XG4D4hYS6AB6/GdnxGrINaz9WiqrdnIpeRUgbj0J3iKDorVzob1LbIuPU1CwoJoAnrALismPs7FFU/5Y+vfyVfv7/nE8w7nCKOJJgrrlYfYS8zPmSwxvVvwMUWQaP2lAZSrEdK4/UyiGvbqCICToJAHMgXU/ERvFfGqZnKXtqv/AOVG3Al6smU5HLGzf+hyhUlDRAN18DFsqAH+Kcj8u7jyE5ov39//AJBPMIuvKOXJfWOW6DgB6CCCxiUt8+Ah2I0j5RgA5vflP6QDAbWZsKECqLiMzE/pH3My+z7O9Lgx3dBeLX1MJZ28KXZBbqa5Cdqwt/1JvJjdih5kNdHedq7CqldJ1l2rUOgAuftbCtaCjBT4lIskXM+LOisQrhgur0BMWrQb7dff86zqJ1H2guKF/UQv3lMzvQrokxXgTGMZJyBQwJskDc2DMoQsVttOrZTfCNZ4HarM3IXSAcjBQByoTFgBH5dX3iKW5VjAiuByAMxlr+Mwn+6bC9hKmLG3qomFEJ4lVAv3ga6zzifCFArVubJ4dNpqb4DwD6LMONT107+6Sf45WivCf8gnT3hB7ykxTFMUzFq58LmL/Ewj6RKraqgH9pij6GAD5GcPaCDcjaKPrGF1GWOsyLMizIsdY6x1jrHWOsdY6x1mRZkX6mZB9THF+sYfWMP7oWaxysxSPGOXuCAQQQQQQQQQQQRRBAIIIIBAP/af/8QAMhEAAgICAgIBAgQFAgcAAAAAAQIDBAAFBhESEyEHEBQXIjEVFiA2QSMwJjI1QEJDYf/aAAgBAwEBCADQIX3euXB++A4CPucP/wAXvv7955Z5DPIYCM8s8hgI/pJ6z6kEHjmcYHfIdZgOd4MBzv7HB9u87w/bs4Dned4DneA53nZxj8Z9QR3xuXOKAnkeswftgwYPt3nZP27w53hOdnO8BwHOxned53kk0cUbO78i0yQtLn81aMoSOejy41Zzif8AceswYMGD7/tneeXWGQYZgMMwwzZ7sEoz2jPLA2XL9ajWksT2+dVFh7rbfk+z2SeolmYhgg+RnN2LcZtZxP8AuPW4CMGA/fvoYXGbDfajVg/jLv1Q4tB2Es/Vyn/6JPqxeL+Kn6pbVgXEf1Svdjz1eymvUa9mRJn+ehNJiWPgeW25DW1cII22/vbdZIW9ShPHFU95NOsblRDb6Pxyi8JdBahbivxyPW4DgOA53mx2mv1Nc2L28+smur+Uep231B5TuO1lSB7NcziPx9lNstvIHZSAq2knafuCIxF2AlgiytZEcMSiO4Rg2SQr5Pa5ZdeSWOs8LyN5n58x0XJbrCyBixthSOwWI6BveIq2TnGPjkOtwYPjGdUUs3J/qY1aT8Jo99Dya9KbuyfV7COWON5tJtKsZklglMdXtXsI7wNGadi15GIaTcTLF3Jx7aySGRptLso5DIdZsPbQidxslf4is3LkjAmMpISQHPZ7J/DhuwYmC5KQXKHyZSEeQdjvLWyjlieCPQAndUOoZfNB3Y2NKmwE+43V3bQiCSWn5upyOJAcBErlj1BKR5ChQggNeOvQqReTKkv+n8mYH5BlxWLHJLD+ZVVMKqQfAFe18/Lo4FJbokL10ZVaNviwxaUkwETqVMhk8ChAMchU8c+d7Qy3fh11V7Elva2b1p5J43YdvkUk0sfw7eEHrdfAN4A1yE8sZQWjfJgzMvi8ixKClkSRtH354pVEIY0IRGjM9KJx2I6Z6YPbhaF+sjjlaEkI/h5Ev6548lVldu4G8JkOWGWJkYSwukrNnFY/ZyGguctmhBhrBmHmVEvQIVEIUeJbwKkPCH8wBCwjd1ZmRA6ZXhls+xY61JIoETNlTZ5OwuvsOehX1UftEs1i6k00sAMij9xOn+VEcnQHrhRlTPFlmJx4FLFlsH4KEdq3y5SaNmNqeeScmTho75JRzk8Yj305BCkrhjZmJUMeyC8g7HkGCnyEfqn/AFZVVZ38cjnSP9k3MffgFJtoSvpljfIVncfFqx6rE0eSRNIxOeFtf2oNOtlfP3EXQc9xaQ+dqUxeBSVg4Dlj5HKyFoFU8l1kyMLOcJAPJKmcujhXYIyh2E/Weahic+PIlTJGZejKwn7RK/8ApgARzCLpxsop5LTeTWErDxXj3skpSPJMvbZWXr5y/CJbcjn0TL/yxR3mPQmMtVVMutmWaR+kEbNk6CQ9FIpf1gx15ZW6i47q69LWQZzCsi6C044T/cdbOTXHs3JfJ7CxhQUlEvZV42RSUWJWfphCIXdlAkRWfIQfV5Neq27Nb8XGtT0gs+rM+soy/irsF+vF7ZRfkQFQFg9jO8iF5CVUJEg7vWIR4DNUtWWwwSaeOCVlY3pVHx/GkBYLq+UtrEKJx/nWq2pEE/MF745dzhI/4hr5ueMwbEvLFNxnbV/mZikT+sRxmOQA1KD3ILbxw6vZ3WmEKaCaTXi+s2mr1dRPaakooxbOvLJSq16t2jTntx2dQI7O9rJYgmZK0ZWd/KW7UPaGJw0fQFaSVzj0VUfNIVKlkOdmIg/ivQPwT6xC0ilrH/jxHR3dvsBJPymMnjN4Nwf55BDneKfnLXHdRcmaaXZ6PU0fZ1x+JabLIku3hQtXNTb0K8cAKXNHPr6Ne1TeWqRJBZsh5WJkMXr9mPsmKdCfZg1Awo1nmf2GCqYlYFYmiYtmvKWHYK9ImJyNRw65cvPNsrf06kIYVo/pZbBHnr+AUa8imapShqxoqcoXy49shnB/+vR53nZ6Pi2nt3m8r41Gv1yrJcu7uu4/B1bVoxHoVNhLPOQLW1asxjj/AIlYaURi3E5iDIbsssCwB6RSkTkKiSRFanEIyrHJOgjk8Wql5JDi1wMji6wL1nWePR+3JPnQbHOEnrepgfJbUNdC8l/kzydxUppHcO7zzutktlyVpYERaHxJIDB+u1I5chr65Ylhr1QQBLCyzG1PJOsSLYqtAEYayb8Q0YYnodl3aw3gnD43Fmz5BO8C50Pt1nWciBOh2Izhh63a5sdylRjGk1mW7MZJZ5GiYeM1xzEwaaPyqBsqO03XcLeq2wJrTrKzRfwe0jo7NqWkYGW9F6B4Jrqk1mQK9xfY7QYleeE/onntyInVeG20KFeIwTxT2Pb19+vvvx3pNhnET47uPNv2b84yFZBJ0GqPIv69hAEf1rU0k09Ng2r4zbjkIezxWeO28pqyaTzUQyVryT+uKrrd1JMoeTje+chzNxzZ9xGs3H+Qk9iHXSLCiymgMfWIx+dTQhqTTOn9IngL+A3560mxzizeO7gy/W9lqR8ipnv5iogftFr0YgtFTTEqoMFZD8GOrFEAqepc9S56xngueC4UXPBcMa4qeP8ATIrNGwC67cJuR1ve/wCX74PHD47qpk7RB/1rJAh/Uk9dQCYrtVT0VvVQnli7KmQcj2FOR1RM7/oe/Tjdkc7Gl15Y12ojFWS3VlYKti3rncOy2tcHLBZ6LByk8siokcRntFTgsWlbPfb/AHXfFhx/YE6izFU2VaaUcn1AxuW1g7BU5jWH7pzeqmJz+muD6hUf8j6iUM/MXX4PqJrs/MTW5+Yetz8w9bn5g6o5+YGqw8/1Jwc+1ONz/UN+/wDPelODnGiHefztx9lAK8146D2G5pxxgQ2t2nGdrG7rv7NWTRbEJ9/I55Nnkc83Gex89j57ZM9sme2TPbJntkz2yZ7JM9kme2TPbJnsfPY+ex8Mj4WY/Odn/uPn/YP9Xf3/AMf7X//EADsRAAICAQIEAQkGBQMFAAAAAAECABEDEiEEMUFRkQUQEyIyYXGBoSAjQlNUsRRAUqKyYpLRMDNDUGP/2gAIAQMBCT8A68Vi/wAv5j9Tin6rH/MdM2I/WfqV/lWCqossTQAnFowUgELu2/unFda06G1To+I/3T9QP5N9GPGLYzA7ZCRXpKC18oVxYWWmxpyPvNzn+I9oSbInfF/kJ+oH/Q43h8HufIAfDnM+XiD/APLEa8WqeTs7e98ir+1zydiU9jlYn6CcFw+kc/XecBjIPbIw/cRTibKgbRd1fKOPCKD84rKa+I8RKzZGagity7k9pWLC1fdjcGu5gO3Kc6i/GDYVAqtS0NYYkAjefqF+zxOLhsQ/HkbT4d5wrcSembNeNPkvMzj8mLGf/Fg+6T+3cxicmo2DuSBFHrbN76NTMGGs0o/DU/GqBfi09p3LEe4HaGwijxO82AxqPAQxgF7mAIl0pq2I7xtz7V8zAdoIRtOc5GKdRQXfxn6lPOQAASSTQFTAeIzOSBxLqfR3/oH4vjyj5M7t1Lhyo9yjkPhOGyq+T2ARVzhmVQLO4JrvHAdMoI77iYzqRizL0szhCCxsnczHQx1pgUk/CYTzv1RtDpKKFe+hXaEGhuY+vGDG3HKMRqjk3DcO5nynO9opYEVrbspJnP06w7iZ8aMRYBMYjE+S2xoaDAcge4ijSBue8BpdxcQVWwIv5wq17ATAuxB06QZwyKa6i94KIHIQ8/N8zNk+HOAAsN6EyUt7moRQFSiJRhoeYgMo2nMTmAQfCfniNWkeqP6j0Eo6zvDssete4uZNyedQ22nY9DGFqd/dDTdd4TY2YT1mba5sStkeZqLjYdh75eogXGKmow+UujyMBIm4A5Q7id53lWOYiMEYvpJ61DX3v7AzJeRbLrXIGAE7bRQoYb1K5bQrdbiVpM3B2sxRWnaoAuws3BddTDW00+MOrl6g5bRAGxNRaGNGBjgMdwsv2jNgYNxyg5RBbCYxjJxgaQK2rYzoznwUxywZVZhXskjkILg3H1g3EWzyuAioN+ogIABqIUAJ2gY/KCxCIyD5XFCtrOo8iT3mRr98exB84LIxlvCAGyd412TByHmQsSSABFAQY0AI6eryqdBk/wATAdbYgX7dhBtOsPxgnSDcWSZsL3jBMZNiusFtK3yWPhXnLbsY0TV8Ytar9k3GG2NiVPMic4KrlD6omMuw9oAdJjX0hW3JG9zocf8AlP6Mv+MoBD6NfgDAbgOxlHUIDYG5m5M5npKIJujFKpqGLVYrXV1V3CC56sanC50DZqDHG2myNlsgbmY8OMemXFo9JrfURZBC2AVG5BhXVXaJ94xssYLBhAjXzgUM2NhY6WIdRFgVyMYAAbmomoHnZqeTkck6mYsQxHYxW4LNVgZCNDfBp/Sh/uE/Ly/4xziyneuakzAWBO2j1/2gIhuMTkwImRcQx6jkUtpajfMTA7/w5rKtBSD/AE09Wx7TNw7IcDZkwhzrZcftgWBusyZndOEw5UoKmEtnNKA+5bT1E4ThuKKcNg4hcAyDMD6NypvT1AM4YcQo4nKvEI2RUGNMiBkdybNIPZqeUsCnL5J4ery69OfC+oNQvciZmwBMf8W4PDlUyOyV62XkXI2AEB2HWNZuE1dfCMDXWYzl7+6BsZAI3vrDZs18ILiLVEjaIlVzJMxqODwMDkcWNZ6IvcmAAjAD4ET8rL+3n4cazzYEieUMj5dJKYlTX4kTyhj1cTgzYiQdJws+PUlk7A2s4tMWb0XCu/GpjGdPTotONr9auRmHi8zYsvGe3oS8fEnkT9ZgwPhw4Cr4WOU5V0k0EUCia/FM2TC2kreNtJo9L+UHpGZicjtuWJ52esOkVdjaMKxjYElgtdgSQIfWbaCyeX/MPtCHbrDdVMIysFJVSBuZi9Hi3OgEbk9BXICcVSnanUt9VnHCuy4XJhzcQR+awVf9qwCkWkUClUe4T8gmfk5f281XW1zj3ZKH3OL1Fut9+04kgC/usdor0bFgbn3zhMGHACPaRWJI5GjsJsasw0oIh1WdhAU1MNQjnUBZAl2TCAL59zDtcoWPV83YznSn7f6Z5+Rl8zhVHUwae+Rhv8hHZmKm2JsxjQPKbuRp+InYTpOlQhnb6RdiZZVuUsgxq09Pf5vZHMzl6Ja8ft/psn7T8nJF1ZBz7COXI5DoPgJ1ErlBuPWPzg9gUPfNrJEIozXTAMDpIJjYVro2ZAPAGacxoXp9ZYFQDc7bKPlfOcNmYJsHVCQfh7pwecG79muU4TKTvYO1EGIiah7JdQ3zBMWrxDt3+3+myftPysn7TuP2gvvFAHdiFjAggWRMTKzbqWYAV7xVxVRVJNuA+q/dFvEq6jk7Af6e84fic7ciaPMzyOXQqPXYir63PJ/CcPjuybBJ920PBsxsG0B26dJxePCUvVWOgx94E8pY+Vf9uo2pwoDsBQJ6mCIp+ImNVZ1AJAq6P2sqFrqrn6XL+06q4/tgX1q3Nnp2jN8F9QfSKIoNcrF15wCDEVR2Ar7Y+2aJUgRMuoZt8nSrhs/wj34T+ojxUy7rsTDW18jCaq70mMRVc1Mc6e+kxzQ5nSdpktmNAaW+1mVWU0QZxGOrrnMyKduZrnM2NiTQAM49sV2o0uVBqeUmOk2VOXYTymwF2ayg6f8AgTiTkDjWcpzqp+XcGOTQJ2zpY6TPkoAWTlx0CfiIzZCdRBGRDz5TY/wj38ahpEeyavpMz/JDMLsobY9xMGTxE4fL4icLm8ROEzeInC5/EThc/wBJw2f6Ths/0nDZ/pOHz/ScPn8BMGbwE4fOfkJwubwWcLmPxCzg8v8AsWcJkFjekWcNkocgcYmHIDRF+iExuQeYOGJw2Mq2nTlCIT7xM2Jr4XJVOD0+wYTDDGhMMMMMaGNGMaNCYY0Yw/8AtP/Z'),
('c233acc0f13bb1d8f15819d72c789d6b','284787886_cb5a966f-a6e3-4fc2-97c4-08916d777c26_1024_1024.jpg','/9j/4AAQSkZJRgABAQEASABIAAD/2wCEAAgICAgJCAkKCgkNDgwODRMREBARExwUFhQWFBwrGx8bGx8bKyYuJSMlLiZENS8vNUROQj5CTl9VVV93cXecnNEBCAgICAkICQoKCQ0ODA4NExEQEBETHBQWFBYUHCsbHxsbHxsrJi4lIyUuJkQ1Ly81RE5CPkJOX1VVX3dxd5yc0f/CABEIAMgAyAMBIgACEQEDEQH/xAAcAAABBQEBAQAAAAAAAAAAAAAFAAMEBgcCAQj/2gAIAQEAAAAA3/npJJJJJJJJJJLOVf30ks8JWx1IIXcSSznQXU24oTM3iSmgx5IEGmGp/qYougqhsBYJiwsQrO3XUmuidklCZJRATy+NzpqA5Md84HjozMGNrW+LioXDoaQ6+VCkl9Nyn859fdmPcWMsC4CxYg+T9OYwNnm+epcHNZshyRLl9MQozPDI6L9iY5n592REjOiSDsqS/wAEY0PmGRkhAX1XmWOXzzkOS7ChzJF9xwcAP2R90FBgfR1PwK+eDW4xdmmWqRHFEJfUntQyIkpuUP5f2Kuuhmu4tattlGQGvZAueSrxoHeNb8+Yru16qL0bq92MV7j1i3xpKrhij7Df2cFqmoUA0bkDqZpDwAN14I97KeAw/wBL2eqZTQTl46inKcCK2SSgwCyzRqF10T9SWOg+fPejxKlpIyqyIN6hw7yJYahBOQnH1aQqJz5KnzzT/fYGvTrGeGWgCEE+SwZb6GsQjn5UKPhyBkz3ndrl1HUhNfkD2+w1n2e4Uu5/MgbrwyLaQ587Kcfk8BoKEXzbzNFtuSZHapF8pNHiyXz9OOFzJmmx4InSN8dFBRGDH5cuBUnJcInFtteFSoBjkPvunJAWfmw1wJhtcPt2QvbR+eVstM5D/VthSSqdez+nM+tk4xIs57UoxmLFifY4k2hsiUgWSDCRO5YI8Vr0aNx08Wul+s5NU+c2NKn3ElTKUOoMFee3e86nm2lpAD6jcy0klw1kdceO3GzyHEl//8QAGQEAAwEBAQAAAAAAAAAAAAAAAAIDBAEF/9oACAECEAAAAAABlAFY6nO2ZEDERGOvWi9pga75YsyXinq5Zdjy+jmfHmt70PC9RuTfvnTN3rJO/Y+F6lCsm0dyP3Jpu3JZ9bP53GxbnfDVvQTR5ULUmdxbuegjZcLsJSyc3AKjcwq76qAABLteB//EABoBAAIDAQEAAAAAAAAAAAAAAAQFAAIDBgH/2gAIAQMQAAAAkkkmmckm+9PPPcyaZYSdb64rjTwEAgDAHtsFgXRtMRzAMJyPT3F3PwUjb39L5h5YFtvSumeWN+fbb8/k6NVnarGGiA1wBi7H5zDVs+UJN+pDE0OCXOzqJkrF0cpUv6L7XPQgaNXImbLQFESx5jyTQqpzkbDVWrkkklzKD08n/8QAMxAAAgIBBAEDAgUEAQQDAAAAAgMBBAUABhESEwcUIRAiFSAxMkEXIzNRFiRAQkNEVWH/2gAIAQEAAQwA0dqutoJJyxZ/29r1MxtHPNxluhYSG8tgfjl6MjRchNnGhcVjqarrYZY/LvHZ+cy2SRcxuaNGsnua1t1GIqX6jrljF5SnkcdWu1D7J+t7K9LRVK7Ew+nbVYSso+3827ts7wuZZV3EZslJpe69pXG2QS/6NoUnOF7aqSZ9DzOLQFMzthAnmUrF3Az3tWl1gEi55o5Ss9Lj4JZgwGAJgcEOsjjMfkEe3uVluXFzCYBmKxC4hP5MxUhIhcq1YY517wOo1hJwmjcFhUpF8DxQyk2WisYGdMsoUQibQGfplKL7eNtoTZOu3ZlTdWLvuq5IGlS+k+pe1eP89jT/AFN27CilEvM72/ceeQq26rWENDP7dIQoWSsFQxuVwALEn3OW3NxYW1NFlfIq7nkcSWQKzVyFYXhuHH425aldopRS3bijQuHWlLazd+AX/wDMktXt5bRZfqWX03Oe/wBTcIowiKlwwL1S2zHx4rs6/qttn+UXtB6rbVn9QujrD7v23nr5VKfnmwWEr+wRUkjhaqopa5kHJSdZplmJNEk3F34ilS7gf1rZ+T3TawnsmRH06z/AzqivCFSCbJth9StgXFBCizIupOU05Sl8oBVkA7EBwC5njjjSh6cxGjjmY0bTCJ+6NNtn+nxpjT448c6ljZ+PFowZMc+GNME/5DUj/wDmvSKpM5fJWpj4+l2oDlDBFMS61XYwq9ZN15oNhKAmL6HrLZ7EYmVsv2gRqvar2a6noYLF6zGKsYzIOptYsprVq4Y5XAxOkR4J5VxErN65nq8407yWOIa45gV9I6/wNdpcxAHOn41sLb0eETNy5P7nnOouWp/956CxZ4+XlOg5KeSZOgCsXwQ86ChUOeZj4jDU5bPwfGGt28AqwGPfI6Hdue4+7InqpdLHvdYq2WLdb3BlXj4yyT5E8jdntBXnzqcjk1hIKytgRPKZb/7W1qxcvOISbbcyV5/OpAQXlrYBsk7R7WxJ2nsa3d9WK+5coHERFa4SUkrrBCtJlTfaRMlHtKg9Sl3xHshngQNupkSDpFaUwxdsQaTLCwi3extfwH4ojTAVJn90zFPGtsJc39oxjmx/4zoKT/8AU68Dhj4UWkxM/uGRmI1MTMfpoijj7fnTEuP9BnU0XF+oTo8dA8d5mNfh0R8wPbR4tsxMwrT6DQGC4jiEFPx1mJxlcauOo1xHiPUit4s2h38JP+7OlUeRIBulA2YlFpCVDJa621FBQgufxiy9qPiY0b2wRC/IITpdD35xBpd7TJU1V7UoCt4ZxZBKGpIhDUn0LqyIiepQEH0nrFZ8zMQouRx72TETAxpSq5KEif1kVwamlXrwabKCOSskK4ieg/60P3lEDHOrmPsg+SNiBCEUYX3932itj6zaSnMafe7iKvRrIY3jFgTMrjhEYmdep1WJq42xpcTDw41tlCbXuwfBlOeoc3qr6y2CH4Ww+AfbYTBHb4dJnk5aQVXIrVaSzbjLbHVmXHEgF5wVy6q5ZiYgX3dYnWOtoSbE2omV0sgQUUR456ncc2fk4HRgma8nNkia3IY9fcjWspZlyaLzrs+0J3HZKIRVZI48nN8cjjyPU0QdPd7eIGri4mJhSiI7MLCRGBEFt7qCEAAoyZdKFqdbJr+fdOL/ANa3/Tl+3HnH6q+Xq1tRLTyVtgf47zLVSyN0HfZKHvW1yzWs7XthvZsO6+rrKmV8W0JMW0XY5lMcZ7I+dw1QVSreMBEeZhg6oERj4wAZLOpempWk1GMeTHQoJhrpKwiy0nwlFqRijaZIN/D64l7FzWhF2zETmECqrVcrtynMVHe6kGmAYy3NqQWSVqYFq/4Qtm+ZDcExF66o1mRIjhIhrOnA0ONemCBPOW3T9MxTizib6C/UQkmAPPE4KsusJJD9MnjLVi7biHwCLVGm9smfIxftY1NkSXSCxb99SurXArfXObgqbL+zHuyGQfarmBwHU+OY1t5w1MzXKZmAz7USqEWrJgTJTQg1qSTTsWbU26oU/DAHZsuxF1gx/wBRhqqG5sJrwbksi6+leU2hCAkE334lKCgWYfvVeit+GiNua1w021yKlhkgMLYee0YlQF0VlQ79+5GcBUDXpVW4VlrX0nWQTKL1tX81s6hHRYlPmcGeyRENOFDqNmpeffI5Ky88ZhEY/P2XA6TWpmRmrdyY0CZVRUzt+sd2rjiKvi9rptYFWQdLzvGPzxrblKLmSU844Tnxqzaep8DxWAPFUfcAyrWAsnWxrKuOMYNF8Yy5yAKQizbRXUaMiMMEBgJ8giJKr0K/7FCOhdVmRHguLmWx9UYhjxWL83SN5igHNAJWUyMFEa3IfNxIa9M0ePbcn/OrltFRBOcUireCVRnrTkmJpnlb4MeeyivntOnGIMZf4t4YsnOMbQ62rLG4/OtFxtZkKSV4WliVf412iW3cEwqRRi32aQ7XxPkkWZFHhuWlcxOsBK/FSkB4jNVaVp4k2AZq1msVj1iomgMXNyC1fNVBE185jE30U3ZGHyeQYuJ6kIS7IV1yImRTKrVNyyYBRMSxYSHdBhGGRRjFHcZVArj8VGO23cQ67WXYr2XgkjBzB095ubJnMTOyUkja+JAoiJ1nrDVXaUNrXljvQDMq1wEqVEmfcexlOqtrLU5UabB0y2pmsnlIuzb8JqwJ1khn2oiITjL1W5h8XdfdBRJvufDSxGNlgZbG0lX/AMRz2c62WuqvYR1VNBNfOtpIrpWPJUscGcA+1ooRVnaWNuqo1oR7jIW8Pey2MqBINsW8U7ObmyU+5YhOMwFnIOd7zImFPb2GrYrc+QVNqXFYwGLsZSpYkIN292PnF1hIOSzmJuW8dh8PXCYTuWg+zZcUrldQGcIOJ1PPaY1t2m6nSrpOiCZ0zFFZGZOzcps35Ta/aoMYUMa/4OI1j6G1cvXq37r4l2V3WjxTj8CoeqK9vtFChYtE7DbQo45cWcgYPdlt0Xr7Dq4uZTWChEMkxCSNyJQoDb9unNV1jhg87YytAaFjHWbEIN/p8sgOauULrgcbYx+569V6AAlyuqN+I/yVKj5RtVKjIIzhtxMbiyjpgWUtw4ZGPxa6yzsFl6du1jwoYnGPVXzuW3B7Ndd9mkrVixkXVVptXDcLD6qYOscvzZCkrr20q7YQ+uu0pATpCqEEUWchXc/LURs4S7ViPixMyz51QqVrDg8yhPSaLz5hIfG3b9HBNyM5JbV2MjlW58hTLCqY6LeOWMLRXMtBGQcYwEJSOdS9NoFsaxosjjjRrBGNRctOiVbUx1s8mm5XGyig/MUf+XKWx6whe46Ks5mCsl3pUDy1uqKKlUKNPNTtyk2PxOzYylotxZYo8dGtXx6LJWbUzNq69uqtSsqY8ahibM8BGrPwBzrZ6Jsbkxg/xVJSMiTm9fPqtkMIdmISavLuPKtw+HsZAKU2YvDw9s8RGsUXM86ti0qwWa7TWycu8jmLdiy6KcWWR/YQChqguoMNZzbcD8kbUsFZGG50wVes7p91r4jW3NxYuij22Urdwy+87V3sjFJJIRXjlVZaPc2cBtKji4GzZgHWs3uK1kTOniGyCF4uVx1WueSx0pUTXnAA4B8K3Bz1rTyU6sz+urJf2Tjj42CgGZlxFL41ii5uqU21lRdqnZuWMg2Kd0mrmIkZiY5jfVWpW3JfTVRKVYeY80jOqrJs+6qROttY9dprHssSB5HxYp/t7rDN45nJiuAq1IABy+Wl0+e+ZxZybGJOZYQxZmS66pR2ONWErN5kbBWFevZw99GTSKLI39yW8vJVDn2dYL9eilKqlNYLEMhcCS9wwByGHT+EvasZJtUZZhYif1qlw3jVo9WvhYa9OKrrF27MVUNVjq1hVgyMWrXrLragmHcXj0VsPfRZopYlRLX6sUuLOKt9dVmElncf1pLpAazBQxpeGxJPYw2s4Oti7Cce4AWxufp+W3ZhJQE3a71nD28DNUpCYhsxKHMW4YNc8jji/uiOiALJWqp8aMgQzsAiUJHJsgpkBQNSigDa2Oz7AKyNyIIvsGkXhqeC1ZVzjHorzdrWmQInW8LQYsxNTfuPVuZ5GJ1sR4VqDOWIS2nNiayvcGsm6yWGquhllnVZSfS7j7oQNZPqKoLu202UxBiS4jWLA7KIXEDEqKTif4JF32zO/fjWVtItnafWkTNnv3NEYpmR1sUAR3t2RIbsqIF+JUAFMoXYCdWbJKykyGvYVIzhV7XMVryKKKg5NBS9RPzJELK9MKo2iuFElZvPOQukEgoOkaZ5TM5UDOceUrXcAi+eY55n4ixPMjOvT7FOjbVR63JCRjiIj65DEG51mJAZr57GLt7bu06/ZQ/HxzrEdCXdVE8HbQ2qopUyZl9izZ+CVESSrEcdUTGpm0HEEJRENbIyEzAwIlIlHE8RHDNUXgaoIwGZYjG2TBj08lin4pdG3TgRCNxCgqaAbAcXceXLhK1BLgCMoEDkdIvkUrBAHLRSVeD8hQTnlEJ6RHy8oktbLW2ttTDJOOD/ACEMFExMfH/A9qzExONkptenKaL/AHmLstjWVXxDFnHyxoiUxOosdZjhszHug/WTOdQ8Zieozzi8fkMk8gq1zZEhHHOsTJ+ckxMdZHwvJJGMwR+IuCnibWZqWErQxk9rXvpYcgkGivFuM0+6tCqUMrVx8NRUDo7ckIiMTGmnzGoX5XgvVZQorpSP7bys9Gdwx1mLHHfTP7ix236MWrkthWGzeNy9QrFNslH0z+1qOWAi/wALr3pdnJefgtVWh/S3dH+6eq3pJlSEZs5Kquf6UprvQTrxvRWxspwqaOPre21bTCLDlfMRjGKXkESf7bFGBkzI5gps3ukrn5HwWeJkVxOiRaEZnx8R5HiUTzEaEZn54nniBmOZ1isFlc40lUK3bVT0rzi7NZzblOB3tU3YJ0LGEt2oXgLuRuYSg7I15Rb1YsIqoa97BWqtndp7yRZxQu80YDa9HAHfKo+wzW3Km46z84WZtC0P6h4H8bjFCL2Tn944rB2EVni5jcVlKOSx1e9UZ3T+TdG3sINO/kJxwtdc2pg3vEkebGvyaDrlwU9tW5FZzEx8S0OeYKY17oZGOxHyVoCKPg50MtayBWEyeP2NknVUWrMwE0rntl5KrWr+zrk0orka1yZba35kMlnYxeRwk1p+hCJDIlETGN2XtzF3/f06AKd9AxWOC0VwaVcLGSxGJyUh7yhXfoRERgRiIj8jAEwISiJizSqOFYtQBxksRQu1yU9MTrNemN5hkdC+lkH6Wblg5gTpzFf0nzxlPnt01Cj0hHrMvzOsNsLE4Z6n1zdLqtBNZCFRyWl0qyhZwoefyf/EADgQAAICAQIDBwIEBAYDAQAAAAECAxEAEiEEMUEQEyIyUWFxIIFCcpGhFCOSsTNSYnOC0TBAQ2P/2gAIAQEADT8Ax70oWAZq9B/7EU6wtO5VaZ+TaOZTGgMLmVCeXldCvJxiQIszryeQCmP1IgTund0WI9JE7vJo6eWErGjNGPGfGeeTIHT6I4jPIJWoBB0+W/bDGjsp8y6xYBH1BEVYjK0SwuD56UEPgiUSlPKXrci+naoIV2RWYA8wCe3ipCkL/hYjoG5DE45OEKkgElyo1D28WM6xoo5szmgBkUzRSpLSlHXocIsEGweyw2lxYsZxUrJw8KAkAk2fgfRHxHestbvrUocm1y8Q5Uo0jdf2FLj8KzFgCP5ujvdN8q07YnDI7ncaXc+Wjh5WQL7ZImVJUOlkboc/hvA7ziepUbmvUK/b7QHOitEVGQSq6AxlDoYaJY29Qw3U4HmegrLtOPEm3S8HEwSCR4Sz1AQPN6uqjOH4lJisgdAwCspF175p1vrbVA5YBB7hwE5jIFeYwQmxNxPE7lI9hSJmhS43Khm3IBres/0oxzhCxglCeQvnVwFFZ7RjPyLnvFjwsSXi0+BPfEa+fia1Kbn744QfAjFDJwYotXlMQSlW+m5JOFUhWR68bqNH2JI69sHBJxBn6Eudl+hSxYC6bfYDFNFUDvqJbw7gc2wse6d4ipYfoN823ZCB4hY39/r9/oi4UJ95G7Q6uK9V9R1GLxEU8kMSEIrodW7yVpD4VBZbvSfSx2S2EsEsQvsATQyRQyOpsEHsBsd2wYUT198LamIN0dxvl2DQJBoja7rY1h5+UnkB1HtgXT0G1hug9RnQ4A17V5dz+mBZKPui3nz2enZ6758nPXVkxBcsAx8Oe6jJL72TWxZ7N+Itn5yMPM942egmcZ/vPgFAu7MQPviigqysABkkRkd3YsTrbGm7wfDi8JusiZdUQFkKQSW+BmlbViL8YJBwkUR9x1rCok1FbYd3udPK8uVwFI1FmsdfXO6QPYsXpIPPqLzUarFrT757V/4PnD69nzh98OQ8PGn6Lk3Cr+qGuyQbqBa9Nx7itjjpyvxE3isPTnzw6hE/IWgqlrfpg6IpkYk4WUPIfAQOpGrI9jbmQtfIk4LYHqc6HocJoNWxOA196JrDyJPte1YYnbp5waC4HZAzea5FX2J2wlNlN0WQHsJAvpuawVRZsrbQL5Y6kkCgBiITuQeWNxMQojUPN2JK8Z+/ZB4wq/NHDCtNzUEHqconQJQunbqACcLdUZvudTDHj7wLEdC6OfMUSSBeCfQikhPDRJU5JABqXlcZK9ksTRWOhfbzfh+cYOoZzROrdQK9ATlnyiqv3xgCEJsXQsnOhkIUKCSdND02AySYMWXkGXoDgIUHTSkDYUzVhUa2kJVVYbHze/plVoTwLV2ATl+ZjrN/LXlGidKLgBoqCAfgHCun+o4jmT+gdkMqSZqGI51HIJxBJF0o2c4eUytK7EMMn4fvY2HLVs9DIojDLKnt5V+awsZVMt+N1HtXTEkOnSukVIP+x2KASNNkg40ookV0zR5RZJJGaRoJBQX1LWBjHm7BtRrkFQHCLWKJREzVzoHOHkjCHUSDG5LL9wcjV5CjAaio3pCMmQmFwS+k+4Ynniy900Z+L3GPGn8No6XWnFOmvQrjyqP03yLhDXy7AdknDuAPesLAX6Xmg37nqcleNnXSxNqMYDWqNsa5aj0PqRkpCpFCutjQrkSQBWQSHkiKY36grteEae8nPJTzCqubHbV09LOA4YxdejLi8SdL6dexHXEjEkjo5FKfQjOMUGBio1LvRDM17g5FMsczpse7Px77E5FBrBc+R9P/AHg4YsupyXuIhgPEbxuEMMvQAre5xJg0k0gNBBkkocBmDbgnlpvGgB7xVJDkbBVG2aBd89vX3Ay3bC8UQ7Y53H6NkieEVZ3weeWUlgmdVVtCZDwfhDG2TWcfiHd5gwHWth1AwAlSzBWkA/yLk1unjIVbagpXsVVX8xGScI5Qno6dR+mSoUOk1um1XkXESvFotvDYO+Tq0jgOGbY6gAAfU74xGmCMHXf2FYTbALY1FacbdLJzTpOiLSSPQk71l7A+UfYmuxQhllj8kevYFsAr0xYf7nJuKkb7LS9i1qai1X8ZxASZGUgqQ46EYwq/fkMaBfE7dfxn82SCpprWfHIQO3NiVySWHhvtdvnCcMixkHYaVJ0hclSSedTuQlF9GLK4sfOaE2xAwq22v2XANKqvi2XpQvJGCJ3mx1NsNskiMpYIAUYdB7YeZjRUY/dQDh8qgFiQPYYuzWKIPuDji0Z00q3wcmlZI5J0/lAnZaJ2rJ5GnkYbK9bhFwi61E/scoDYVywwl/6yT2IdfD8XBpkUSkVpeM4XeF2hR4RI+z6ijgFTnPc5PD36AsHSRLq2U8jkRVUmjUqHbqMTjnNDkNKDOF4lpJlO7Hc7D5vJnLyycR4EJqs5pBwmxUDoMPlEu7/JzlvyAvriHTIUNeLqqjGbTv42B92OJxCuWTfQE33OcNHHF3icyxF6cj4o8PG6ACSdwcHBI0RfzIjNuMnlkmmdWtWROmCcsSu6xg7KuBUM8nJVVM4PhLRyPCTWyjC1ZdYIEDyd4GLlR1HZxcc04j4fiWkQIoBpxJa6jfTOHlicuOoPh7IeGjilieXQqmIVuuAaDMq6Y4x/pyfnEj0HPVnxVs3tFHi+FuI6v7Jh5u3iY/c4WI3wHJZHeNr06hIOjeox96dFYH7riQSsHTyuK82ePiH/AOVgfsuFu/kK9fDrbOIVeH4VfaueDhkhkEakui1vmvvHknOgsf8AmcJRHHDza5nxSOgF164WBx541rldtkzlECSF2ur5FRsOp7ONdIq4ZyhUN0ipmI9ScfhXRB+Ubdg9Rg6DJZBok7ssGiA2CkZdsrbSz/bouL4RdIuEnxIpkr7nbDEGDP6g77DLybimhWAqCNEezPfrZyO7LswWY9AqnIODkRnYgDW5B05PGkKum+6YqaInmB70INtlxB4IS2oA/lXOgRQXw9C5A/QZ61v2agMWXWxK6gAgyfijAI9I1BUHNTz0jmexmolYiDv6nTkQGpA4TY7FsLE0DqAB32PXNJyF2BKtRIIsYRYUPzxt+88wA58+p+ckTmTtd0BWK9gVpWiNsDlCfZh2JKZIZe6EukvzGHY8RKKNf6Vyd6UNuXc8yc56iPBF7IMUlZuIHM+yZ1Y7kn3OKLJOOLF9lgYXxOFkCGBSzh32Gy4g/wDstxuOosoOy1keWTRFHLp/l+EKpZhtlYuik0aFG2+j1XCjZKp0n0ZdxkCMhX564oRljiAalZbWjsoBGBhpabxkHoBi2WSOlH7YD6lvtldmw1MaGCF0KGVUNP1UnD51Rtcrj0sbKMIpS7X+w55uCFAiW/zZoDd4SWO3OsikYfY79l4ScCIGMpIAbpgjCrEZu+SybJUnfsJIjWAD+Im9gdBNn0XAgVFbpQ9iceN4m+VN4pvOanJCSy9NzdZHAIGvdgItlOaAHBYaa2PLphNqijYCsl1bAG1K70M5XVXWWMkjNfI3GCSgPUHcDF20laA63fU4qoQzjWpuyc3oElVCH2yivMbAisemTruDXTGOzKbHbLxYKzSSGLwxjkDpIzSNbR7KfjsKgSygW5iXcoD+EHrWGeKIRGld0cFNTr0XoBkPFAlx0BtOxNlPXV7k4pIZeo08z8YOeSoAUJC8v7jF0EFhSDTz59MVi3dR+uLagfvgYYjjJmDqRt5twMPEGARw/gkCg7k9CM5CRrZv1bNwV1EaT74PTr72MD1pqzjIrafQ3zPv2yvIx18Mrnn9HGCMT7DWojFDR84sNooFf4W+nfsoMCPTkc5UN9m5jCpGwIsk3ZwdRdmhWaaok71hI2UZzysGzmv3xVABB6DHKSICLuRNsaSlskEHna5G7FqNW7A2MRCU3BuheSJ42HUkc8cW1ch1xmsn0Hp2fwwJ+GJb6SM9TK+AG4X8d/lbFNfFexwe3/Ry99sI3GkYefID9sVWZyo2UAXuex6JFCzXS8CgqQb5/h264CR9xkb2rdL9DhlUhUO1DmDfri2FSPxEdazYazuTYyvG3Vj2Oyr+prI41QfCisVZTxamtRNUo7S4Qd3GXJY9BWK5R1ZCjo681ZW3B7a2lQf3GdGJKHP97OqqGfAymYIAjacnZ5QLKEc2+fQYjld/Y4wKf1ZZBB25fOX1FnnfMYxvkfSsoWfgVnrW+HqexPMxOlE+WOJKjMoZiaBxNQmg4fRrLfgcaxuPUY0X8+MiqdTXZGhd3Y0qqu5Jx4w+h0eIsoPnS/Q5xTo8hmcOSyAi7oZLxxbhVVrCQjP4g8P3yIHj70Y6GTuolDMEXmzWRky6lNUfpDRyuerAOurH4xP5Mp/wo2TY9QVLjCtg7ix6j2wm9wM5bKMFcgM+w/sMJ2CgliTkzL3UAGt3BBa3ojSM08NxXBdO7niXU0D+usoc0FgmyljVhd8cuAVDsYWXpNY69pFEHBelg7kLqFEICaAPaecyxqHP3GJyMiBqwCgB9J2IO4IxDa6hdfGEAA8mFehz/JKChz173PZi+f8A5xYgB7xiNWRElWbnZ2x3Ltte5Or+5+n/xAAyEQACAgEDAQUFBwUAAAAAAAABAgARAwQSITEQEyJBUQUUIGFxI0JSgZGhsTAyM0Ni/9oACAECAQE/APjKMACR8W9fxCA46suJeO+HE8JFhhN6fiH6zvE/EJvX1iZloBuYxxEGl5hTiwb+DftuwDDkxMosEH5CPtvw3+cGNz0Wd2ZVTcBFyqGFz3lPQxNWq/cJnfg+U70ekBsTIKZpjAagibmqJizsP8dRsfd85MqoPmYxAJoy2M2ZD92LhJ6kCFSrVEwZm6LX14mpJ0qB8jCia4mHULmHh7Mw8X5TG1f2GmHUiEubvI/P/REOLEUZCvhIo+pmN8eXGr4zakTEWdlQeG/ODBV95nQfWb9Jz9sclddgv+Jk1mRsKto8WPxebX0j4NVmH22sY/JeBNTpcOn05PiZrHJM9lLaX6v2ZxwKmhXWDdtQEsxJLxNNnNd5nv1CiocDi0FkepPMTTpgQKoAF9BMeVHZ8YNles2KOQov955iH2jgxnIhRrRiAFF3B7TdxWPTP+c1moyZMCIcDIXFm57MSsOL6E9mVLx3MJ2g+glk8/TszdBNNo9UMuUq+wMx56movs9f9j5H5s2eIdMAT3YCjzAnuq115iYlRpnANWJp0ADVQoDsycqRMeQJ1BiuztxwBHcrwOTDlTve7Z7ci6mGwTXPE6/pD5xmUAWahzp5AmElupmnUFXNdjrtIjCiR842RMWMu90JkdmUhVofp+8Gnc5sT0ihLoL6GI+w3N5dgDwsZyBxyZl1GLGyh2tiwU1zRPrD2YSFwH1N9nGRAB1Ez8ZCJvrgwPunAHJhIJNQMFVibIAuDMzoCq7QVvniZNM+VQhZQl2Aq9Km07YOste6xgeQ57FYqbEzYmyOCD9bmRHxtRFxdwHCiWfNYSRVwtti5NwowUB1jPYpYOIPgZVYURc7lPnFxoDdXM+M5dgUAUf5mbBlxUSODFvyUQFvNYqu5oCe77QN1/0TyKPIncpO6SWQKHT4P//EADQRAAIBAwMCBAMHAwUAAAAAAAECAwAEERIhMQVBExRRcRAikSAjMlJhgbEGQkMVMJLR4f/aAAgBAwEBPwD7bRSKqsVwD9oW1wf8TfSlsZtIJR/YDentJlYDwpPfSaFrK3CNnGcEV5O7zjy8v/E0bK7HNvJ9K8vOP8TUkjogEsJYKDv/AB9Kle1ZToQhsH25poQE1K2TkA/uM/YNuLhY9MrKGYbqcUlh1O3mcwyLIhGB4jE1ai5CHzCopztpORj96lv7KHCtMuTwBv8AxTX2eENBnkprRn4NT9LuXicIFyf1of0/ed5Ih+5qHpEsOS8qHHABOM0/SZVJ+dcUbCQf3CmGGI9DVi4ktLc99K/UVd+YUu094YYS+AVGdmHeriWySRQl6ZAVyWYscN2wBXj2zAKkbyMONIEY/fGSahQvFG7LjOng1ogTlwPc0b+wTm5T65qfrMMQJSGR8NgkjSPrUFzFcwCUMAP7t+DVx1LpkOzTBj6L81RdS6bOSoVxgZ3WisEivImcKO9E5JNdIcm1Uflcirpi90UZg6FR922dOaS0ttZzGCcZwo43Hv600HhwjEe4b5iOQFJzVo48FVPYkVf28CeLcSZk2U+FnGcbbVN1C0+68vZyIVOTjGWHoTSzT8RWgGe8h1EDng4FNZTyxq8k0jLk5UcA+woWaoxXQoI9d85orhUIx8wzWfD6fO3qD/18Ojufv09iKdzCzTu2Bxnkk03UFCEKGzjC5O1W1700W0ZmkOvHzIM4yatbyG5MvhRlAmO+c5q7dPORFdWtVOStbeINZDHJBZiNOcH19CKChopljZRq274GoDnHpUblQcLudxjgEjHfOaldtZcgAnGT+oOe9GUOMZB01eNp6eB+Yj4dLPhXCtjIZSK6rD47RKhAbJAUnGafADIUUHfcdsVgk78/+V0Nj48q+qfxVxiEtLIxGDgAckmv9QOTpRBkYHrVj1W2hgIniMkmSQxANH+onEpxbp4eDgd81e9TmvYkVwBpY8d810NVYT6gDxsRXVMGFVyBhs4+CymOeFjwrg8VfWTXRARgrKds1cWsFnbHYSyscFiPw+wqysxMxeYNoG+njPv+lRXCZVYUQKDwK6rokjQSEIS4APIyfWnLRsYw6sM4yNxgb7ZrSfl27bVBbTzEiKNm9uPrUHQ7liviMijOSOTSQQW2pYU0jk1f6XYAjOEJGM5z8J4/DYDPb1yRVs+tIX/MgzVwSJG07Z70qRKdTv4me3ArzKgggDarq3W7ULkjOCCKe2hsYZPCHiTkYywz9BVra+LLmcYXnSTgn3pbobJEFVRsNI2qBydjyDipW/GauZUAlGd9PqPgdFxCirkOPpxxj1NdMUvZr6ozKaCwTqEmwj8emavbDy+GjbUtaWYnarQ/cw75wNP0q6JEhK960QA6ixc/rxTXIIxgD0q3vW8wBgYY1IwIYd+TV7JE2lUG4J1H4RSvE2pDg107qSWqTLIrNqYMMVBNBeoxUZweDyKktoNZ1Bs+5oWtvkYQn3qBFKsowCpzgUGiKmO5wBnCtV70+FFMkLjc8ZplctjFW0OltSkM4+goJpQjOSeTTHLE+p+xFLJC4eNyrDuKPUbk8lSfXFefuPzDHpiun9SELyBoydZ2x61BcR3RYaCCR+Fu9T20GvDx5PuaNtbdkPOd6Zo4VGcKOwFXF5cKcaAinjP+ysjqVKuQRxg8Ueo3R/EwY+pFG/uezgewFNNK4wzk0STyc/H/2Q=='),
('d899763b2423fe1e196ce165ef0247c9','3939146_f087d6f4-ab16-4f14-9abd-bb3e29580c81_700_700.jpg','/9j/4AAQSkZJRgABAQEASABIAAD/2wCEAAgICAgJCAkKCgkNDgwODRMREBARExwUFhQWFBwrGx8bGx8bKyYuJSMlLiZENS8vNUROQj5CTl9VVV93cXecnNEBCAgICAkICQoKCQ0ODA4NExEQEBETHBQWFBYUHCsbHxsbHxsrJi4lIyUuJkQ1Ly81RE5CPkJOX1VVX3dxd5yc0f/CABEIAMgAyAMBIgACEQEDEQH/xAAcAAEAAQUBAQAAAAAAAAAAAAAABQECAwQGBwj/2gAIAQEAAAAA9+AAAAAAAACtABS3Wtw2be4BD+GXYJDPl2NK2HjdXDbe6r6KA5b5vxtnLRWuKlLoSbbfu3ZA5D5wstrn3cayt21K6WnpZOv+h6ByHzYzb+bc0Iu/rOzrJ+S1xxW79HzwcX853XR81rdZN3349Lo+qu5zw7pe79loPO/A69FJSjX39vSm7rOiyU8k9W80952hwHhnZek+f6kxqwU7Gx2rl2tvfgmn6d6pQ4b559yz8rz0JHVVrXJblzsfRxX07kOR+Z5PUqrUbda7dVMGaM95745r5f2BWta0UoW7cll0/eevIT5Ousovy46a6Rz7shO9Lw+CC9+7ojfjrDdsXZsmXckZbcvp1tdfrIPyv071E1vi2s1ZJ48vTRGXZlN+aip7RmbYx6sW/LHc36ezu5t6R8s7WL3bpfLKz0lVQVAPK+q3ZXPUCmLzfjZj1SUUFQKAp5B4+rK7UIAAD6y+YvR2pwEji6fQ182fY0LIvueeaOzWDhPrj5mlL5Dz3pYmXx16XlNzVl9PA6mA1snPan2B5f46pIS0SBUAPqOzjuKl+1sbTWKT1wAVAAKAH//EABoBAAIDAQEAAAAAAAAAAAAAAAACAwQFAQb/2gAIAQIQAAAAAAAAAlmn5Wrq7IHKRo2yTlwwg5g3duCvRNPqOL5yDVfIi0I87e1yPytW/KN1x9h0x06/HOpNfl5m9khr2rGUy6lvmbJNJTq3msOZ+TLpqAAFO1Cr94d6iwaeTXp3qHPVMAXgAAAP/8QAGwEAAgMAAwAAAAAAAAAAAAAAAAMCBAUBBgf/2gAIAQMQAAAAAAAACW7FXDbzGdezgb6pyhbamHTqZIS9ex+pcPXTqPZnE/UMRLouXTa3pIz0NmpdnCCeUeV1pej6MK868F4tOhR57jCib9PJYlBlGpCEdWFVNdJd7/QzWAABGzovqRlyKsWNfyTu9asM5qAB1UAAAD//xAAyEAABBAIBAwMCBQMEAwAAAAADAQIEBQAGERITFAcWIRAgFTAxM0EiIzIkJTQ2UFNx/9oACAEBAAEIAP8Az/xnKYpRN/V1hXtXh6WdYuLeUzf1/H6X+Ic+FN7njffsEo0Ojs5IPeu2IvD37rsrmfItw2JXJ1ps9m5OFZtNm3F2+2RPhu6WXR8rttgr1er9ztU/STtluZecfd2hOeXzZz/h3Jnfr1Iio1el2IipmpXK09swr04VqKn3bu7p1O6XFcr0V2OeuMdx840/GJJbiym4h3O/x5J/P/1R852FXOy7GB5cnXAjJHmmYRWdK/KEYrFerU6x/wBOi23n1bY5vu33/qVomMXhiYq5ziKqrjB8r/VHGN69IVkt/hylQbSu7qYhExhhucjGPYcbEISPUWcn9m41+RDa88kyOkNQYXp0PcjWtTqRQ6heLCtgGJ/H3b1865Jbjf8AFucYGMY6GUQ6s3ASEjhgNOMTXPMwYUkpNix+8oJ1v5BXvfFjHks61FpE6QgHgDrTE/5cvV9ecJ6OtNlZBrkmCmw9hnmfYyi0l/BiFO6M+vlvjNyeYqSSqRijYRwk1i0SypIhvu3xf9nRiD6FanKoz+BmKLr7co5REFhYXZdkSFNkGYjYmqma9eaHXYMebLmDDcSKqXKiyJu0K2S3smLaHmxRAnyRSx11gWkfGHFr2ucUrGuZjpDURUS/rQ3FWgx2cmQeZIJK1WgdZwLGUnpxYrHnHgE+31Ge5kGArWtVG/TW2sfOeJ5yVsxgI906ZW00ooIZ5drIngjxJcps2upLA1EAjaiVGHKg2QH1U8dVrs1scZmprkiSACTJWqwViSRBha89ksUkgWleFHDeUjWojhOaZpRrudDJk7BAZAqKwNVABEDbIWk2DuBgyhTYgJQfs9SR8UsJ+doaBYd9HpiyxilzYsGHEB2I9s1kG2m9+FSzhhrbFj6uxkjrCnnU9WCJOReqoE6I8pd6jonAzbzYO/bJtlyTF2G6XAX10MjSN9y2bf0DudiNvGD3hVeN552z2Mic6QBm23bMs7uVadlZHprcqQEirJ9nqG3nXFXGGe9qidrkoK0VdzMv6yHyhZm7QUcqgkbhZERUCe2tJHPd4RVVV+xMReExVXBRjGa5w1r5icc/h8njlTQjA6OuXqciPX+W2jsiVVnEmsEVhhDKP674Lr1WfgHKpJCr503sNjoicfkCHHc3kishpxjkhIn9IpkITUTEsRo1OG2itRWt/FD8pkqcWQxGvS5svF8TFXjPTW48urJEJ9dyZ16vbpkdEQstPvRjs6H4qcZy3jle6PEKD+e9HzvAwkwAW8rFsAPRqvZMA93Sxk07WJ0ve4kkfd0mHEDSAMH67QNH67ctxstoTmVzrBi/4+cueaTPMNjJUsio1iMmua17xgmGRFaUHaR3Wrmt/VSIi8Y2tmEX+2+qOFjHFj0iMEN0kdMLlESLqoiu6XwKKlhRHSrCXbEsZXFe2UksqhVC9T3kfoEnuVckP2XTO5TWrMkta0zkbjURVRFe6EJ50VSg6XNYlgz4RWvkq9yBSsuzKNrIdeCNNksKOPGGZ3AK/ucPA0MJpFYR82L32+OPzpZDOIyDWQxibNffFVkgEaCNlm1zJzA9Hw2+rHS654w6/Xlt56ouivWPa2cP7JreuFLbj1VXquMY5yo1seqK2PINJfBrj+P3orQPViPiIJSQiY6YYzyq0YBjVj2NjRRsVJJXMVwFRkCXKa5gq6l8qINzoiV8eKdRAZImVaBWLTzJPColGBH96ZCDQwj/AAt9RsV3DrsDxPdEoq67gw1ECni2sTaQGlfV7OsZG4LUbgFysaZFoJ4mJ40nXL+SJw8BomxsVFYH072ZiL0t9N796cPZ6Uf+8fpXTtTh4/TbXRInNjBeCwNFGPXjgqTvxBFlkYd5iwQkJ11y3iOQkL8E3Sb+8z08GX5ng0PWQonVGo6eKieOiInwmcfZ1NxOPp8ffYQZKbhIQAqGWZn+qDrdSNOHR4MON+x+SY7RImXe+wIT3hC/1FtFdyyt9Rxq9GzK+zBNCIovjPjPjPjPjPjPjERqKq/T4+vxnxnxnxnxnxnxjnI1qqu+bGYCJXx/ojVXnitmdHVENaulOa2Q/wAg+eQfPIPnkHzyD55B88g+eQfPIPnkHzyJGeQfPIPnkHzyD55B88g+eQfJar2VTNikOk3tmVdOo5EKM07tKoJVe6NJPWkl01brQQ38YMW7tI4JS92Idy6lDjTthgRZVprseTEq0jTdLWOsVWTdWjBiziRrLUBQ40x49cokaK8Sxn6kCVdICGumcT1A9upAPJqki3dNGrQVpRQ6GpdU1hpNTpRZ8GFIdXacOSGI44tZYZ+uI2TWgZrcVqTNRaBlcUd3WxKySsUWS0VQOVNniOiX1kNdcSaET5oKeFcw7ATodWt/XQkbHIR5SPKSanYjSWOp7MtTZR54jbXJQcUUE+wCJLjyxBve86xjSdjsqmXFmvdV35YLJ4zLt01ZneUd+2OeSSJQXoVNVilbOerM2G8AdomBLWvaLYmJDDDk10+jbUVsSRD218IUAbI+0zI7YqDPtJHtCwU+W+bNky34qcoqLu+sEnjbIjR50+EhRgHZ2AnPcNLCd/FZCK1BzSWVDfcDjM9s7BntjYM9s7BntnYM9s7DntjYM9s7BntfYs9r7FntfYs9r7FntfYs9sbHntfYs9r7FntfYs9r7FntfYvoUTCt4dd6bXWT3EO/00Z1r0V+gVMV6PO1ijajB9t+dt+IjOkfKNTlOpRv5XOh+dD87b8Gn9tv56L9VXOfvX8r/8QAQxAAAgEDAgMEBQkDCwUAAAAAAQIDAAQREiEFEzFBUZGSICJhcZMQFCMyUnKBgrIwQqEGFUNQU1Ric7HB0UBEY6Lw/9oACAEBAAk/AP6/NEVIg97Cr2BffIKv7f4gridsPz1xGAnuDVcJJoxqwemrp+wfRLFbOyN3NXF38qVxOYVxW6I+/V9cfFNXk597mrp6cE1KSxrQam0/dq6lP5jU8h/MaY+NTrknAGqmo0foJfopvuno34UfT/u/+rCj6StW3yGmo0mpOjDvFOCOU6qw7TkY+TJUAEnsAPSlztnK0+ZrXCMT1Kfun0+0IK7vQcAVC8rYJ2UtsK6YpGCM2kE9CcBseB+Ul27lBY1bSohYDUR37CrGdh36CB/GholSNZeUrKzFA4QsRTJIrHJPLPdkb+ztpQUHq6kHqkjf6wppFm6ryxgPjqwdu32UGWN8RTNkEMr9G9P9413fJGW5UZkfHYoIBP8AGmCwvCJtfZoLacA9NQ6kUou3aQALkorgx7rk4A9auJCEPIDMsR+kAaMDWv8AoQO2rdctGoDsMBXHUgHsIpwS2nKp0yoP/JomEZ2QoxkcHoUHbSsnfLdkj3FY1rizlj1SELCPE5akn1ruZuc5K6d+rnFQmcM6JHpbOpmzXA7pnuZdmw+AvTQVG4WgkMUiAPCxIZQrZxh6AhdItkLukRf2YyQT2VIVZXA3JVzpI9U4ONSnvp4uSTqX1sYYgZ2AODTguF5cv309LtZv4LWfwrNSMmpSrYONSnYg94ogxYxg7gVxOxBGkqwkPWoLmWIvIrGKErsB6rhj1ya4UCdirXcxYr7SkWavebOdcbrFpWNS3UAnUQ3apr5xdOjGSGYAO3IcasmjDLByElJkLpzS37ihelXssMd3A89qDGqEyL/QtSI4lt3tGg1cvlTIPrr3DfNSQTTwxlSEfPLBYkkAY3wd2FJtjC5BXx9tBgNG41ZOfxorBMzry5dG8ZU+ykYzxyCCdtijOhKhjnB3xQORERF95TqxR9S5AdPZInpHZpZVPk+WHUJIigk5Qm5LE7OVNSmO5tbmaJ9EYwyZ7SvTBrhsRSKNHmeORU2bBwhIy1XkSxXUDXFq4iGXABIiJOd9sGo1eCOd4bq2VuXrlO+r8RV9aw3cl0JYkYLM+lRjB727qLXt1EWSUEKnNgl/E7CnNtew3DvARiRUQ/uvir65edLh5zIjaN37FDAkUNEkpB1li5BB1dGIFPaoYFYqsEXLUkjGX3JajP0yAkofI/NStnt1wZ6fdo5BIBCIRjv2NW403sQRmXdSyHJL0DpjUDPea2AkWeL8TnFMCkqBgR6PZd/qQilYI64RQd2K7H8M1LphdQ6Rp1YHvNQJHHjBCjr76gaWK/sXQhF1MJY9tXiAatoZpghD2twMAqCQjetXEkjubaSRxojDcvUQQqEEA4q8KSzZYNcMNKtqzkIAD+NS2iLCysVsxJJNKV72fAWrSVtydwi7nzVbov3nY/p008K+5M/qJq9K/dRB/tXEZsjvO1NF5cUD+V8VBNIV7MrRSBAmhIwikAdST7TUsTe9P+KRA0ecMueh95NPvHmWL3Nsw9H927hNHaJ2UDuycmnGoQ6cdT6pIq4RW7mYA+Ayajldv8OUXxaoo4ge8l6vZSO5ToHguK6/sIywXriocd2WUUE861pwxwCDmp0fCB2XuBr+jcFh9pDswptSOoZT3g7j0OqvC3/vXUvmrmURDogYhf2NwUOegQtUsrb9iAbfiaMxPtCirVmIJ6svTy1ajVnJOrbwAFQYXJ0gOwAyc9lRqQCOpc9O/eo0GDnI1Z/iTVw3J6Y+RsvZnC/5b+h2QA+Dg19semp8KU0V8RUkfmFSpUo8DUjfgtF/KP8Amkdj2DIFWAPtaUjPgK4IpP3nIrhdoh1bMYc/rpYCxbDqq4KbbAhdhUeJJc8095U+h/c5Kj1hx0zjodjUGPe+aiXxNIn8aCeWmyWIACqOpqbQrLlSz9fcBSSEEkb946jepE1ggaBv1ogUrZ27MfWOB1pQ3eVDvjwFJM2exQi5HTbUakm1yAkRog2Hdk1AQT05km/guKHMKMSEgXXv7WOwpeSEZ8rJgYCnFQrsXMUMQOQh2wx27s0Wim1sOScNsu4VSQdzTDOQyqMhchq/op8j3OPQ7bOf9BroMfIcVI5XpE2MZPewqHIIOCxyw2GTtQk1NImVB0JrBBUeFW0MZL6s7HT2DB3OBSHQu7OSQE1HcgHBNXZaSIlApChXOcbDeolX1uqgZplXKth+WAToAyA3XbNXnOcA+s5IjXHXvyahe5myQhZc4HcqCpEhEcqRSM+frHYD1RTRfSSbISVXI7GY7tirV42SOURKVCgvDuybHYgb04nja4LIpUDUABoJTqFzVsqeoFGlcdOw4HTFRcudH5kLIArcxd1pQYoyJZSBgAnqK7U/Q3odsEo8VPyAk9wq2kXSmpNXqg43IPbQkhUwlzsSHIzkqSTUUvLaNijySnA0DtG1W9uBLIeYBEWKqD1JOaeVYjLiMxDooPTSMZJq55MK6cRNpDEYBOonPU9a4nbn6VpiE+szkdp7q+zvQPLBOMuFGojOFz1Y1AyMyH15ZMBvaqgZqZ7howH0qDEhVmCkggZKgnerUcueWeLVHhY4wp2YE9ahcrEi5hmLhHZhiUA9dJIzV2OqOyLiNdapoJ23wRV9C00akKAFUkE757zV5GNt/wD4NVtLc4XIVIyxY9wxmv5NPFrJZ2llRCSasJYEmZlJxqX1l7x6BxlSPEYrhlwUV2yyozIw7CGWuDXAH+GHFcFuNJBBLPGnUY7WrhtuMJoBmug2FNPwqAN106nr+UMCDujiauPyt9yKr+6f8qCmu298gFISUnaNFHU4O1Sk3RCyoo6I8e649tTyTwwgBDlVly4D9T2q2xNXMaBmlISPLEiYZde/Ga4VczEpp1MGjj+8TLV3a2adynW1cYuZz3KMCrR5v8yQkVwy1j9ojGfTI/ZW7OJUD7DYalq8ZB9iL/cmoWl9srk1bRRfcQL+y3J6Cs3Uy7FY20xqfa1WVoB3EO1WjQ/+SFiw/FTUqSI4yjpurf8ASdAKcrLMmqZh1VD0T5R061Ky20xGSCRy37JB7u3vFO6zrI0FyAxxzU6P+cVNJ5jU0nmNTSeY1NJ5jU0nmNTSeY1NJ5jU0nmNTSeY1NJ5jUsnmNTSeY1NJ5jU0nmNTSeY1NJ5jU0nmNTSeY12kCj/ANy6j3IdIqxaSS/sp25uMrFHp9RB/jc1YO0t0koLkZWCNFI87tSCOW74rNHeoVBLhXCaGraKO6kVB3DNbtLw+1nP3435RNRCSFy+pDsDhCas7WC8ub/5vm1maaDRj98knDVczaHv0tHMsPLOX6Om51LXExNJZ3kdtOpjKKDI2kFTV1cSzwXSWoj5GkTSP/ZnO61w2E3NtFA8cd6zQqutu05FRNbxJw5LqcRAzqW7oPt1emKI8Pe9V5YsOqocFXTOxriJe2vYJpVdotLjkdVCZ3NXEzm7iMoSWIRMig43GTXDIBavwwz3V5zWWVH3AIWp5UN2XEOiHWihdsytkaQavZY3nS4f6OHWkYtyQwdsjDVdkLxVnAJTeMK+mowZv57mtzKqZcqq1cXAS4vVtWE8HJdS3RwuTkVffOJo3dJ8IUVGU7AE9fk7CD4UNmmaRfasnrCp5ea/Ntoo1Ctn6PU2dbAVeQmcW4bDa3ReemVVtsBiKvbFhkzokqGR45Gh52UJXZilMWd2LMx6kncmtjFa21p+djzXFRo7xFiFfODkFas7WyjhuVuQsKk6pV6MxYmuFW8M8dytwzI8hDspzjBOwNIiW/Eb2Ka4dQWMYV9R0iprZrlXU2TWs8zt16urYVBirWK8S6VFkWdmO0ZyOhq1thb/ADT5p81AIi5PXTXD4YUmsntSgd32fq+WJJamhiXh9vcC3Z8hXkl7JCM6aaJr06/nBhlkmi07aMNL21BERaWZtChyVmibqHrhkFzFAzm31vIpiDnJXKkalqe1a0CM10rSzRzh3bLKqR7P7Ca4fbzNYyubSWXVrRHbONjUEWYOIvfKTk5dxgrVhBDHHfregKXJMg7yxpQrTStIQOgLHPypm6hBAX+1j7veKuJYdWzqpK5xtvV3KrMqKxDHcIML4Vcy+Y/Y0fp2q3eRdWLeIKTz5Oz8qnrXDrqTQWkmkCEiSaT6xrhN18M1wm6+Ga4TdeSuE3XwzXCbryVwm68lcJuvh1we7+Ga4Rd/DNcHvPhGuD3fwjXB7v4RrhF58I1we7+Ga4PefCNcHu/hGuD3fwjXB7v4R+WAib+2iIV/zdhriUoHc0FCa5Ydkg0p5VqMgAYGFwAO4AdKQ+FIfCk7uylztvhe3NIfCkPhSHwpD4V9kf1J/8QANREAAgECAwQHBwQDAQAAAAAAAQIDABEEEiEFFDGREBNBUVJTcRUiMkJhgaEgMLHhM1RyYv/aAAgBAgEBPwD9+OJnUk2X6GocI0y5lkWvZsvmJXs6XtdalgWL/JJb7Uzwjgzt6LSsW4RORSkE6o3MU65baaHh+hvhNNiDl+I3I1qHaEkWiE1DjcZL86IO80uLQAlpy9uJAsKabDT2BINeyA4BELi/DsvzrBQ4ASmEzXZhoM1zeodkxLxf7VjMIqwMQwOXh+gi4IpuJ9awMAxMqRRx55SCQCbA2qLAYtY2LiCFe9nsKkfZcMLyYjHNKg+WBfc+7C+lS7UxsT5NmYbC4dPNe8jUo2uZusm21iCB8sQEQ/FYJoNlPIyRuWf59SbEXtQ27na2Yg+hFY3am74d5JWAU2XnUbZkB6XOVSax+Ihwed5nyi+nea2Rthcc00SKUyajvIPpRbDxBmd0U3GpIzehJ1vUU8UnvoystrHs+ho47ahBC4aLNc2dm0Ivxy11m23kDHEwKPAEuKE+JIHW5Cdfguv83qSVyVZUNwa2zh8ZtBYYo5ESJBe3ea2XLMIYoZyC4WxPp0zf4n/5NbWwQxwCF8tmDX+1YXZGGwxzK0ha1iQxFJBCnwxqD321o36Mv1HOsgPFwKCwdrk0wgCnKWvTSRBkaJSLDW/fSOHRW7x0Sao3oakiZiGFuArqX+lCBj21ur1u9jbW9bm1rlSo72Nqkw6RpnLK2trKc38VBh84zlMsY+ZjlFJLC0siJGpCEjMNQa0ZT7qj0FQkGKM/+R0NwNDQCkeMnjcfTWhLGOAf8CpcWEUGygkgDMS38WpsQXe6EjS1wMtYeOJgJGdAb8X1J9BTywr8CGU34tooHeB2/epzAz58XMZGB0DHQeiigY2JKyFfTSpN56h1hUu50BrBZ93UOCGGhB6CQOJFYjZseIYFppAtvhB0qHZ2HhTIpe3/AFQwkA+S9dRF4axseWHNGl2B4CsHh8eIj11rlri54DuoYS4YSPe/cLVHgcNHwjF6CIOCgdOOxLx5YotJHBN/Co7aMMZN3XO3if3j+ahDROpibIL6r8p+1NjQpsYzzrfx5Z51v48s8638eWedb+PLPOt/HlnnW/jyzzrfx5Z51v48s8638eWedYu++y38pLczSFbRERnSpmGRFsRTECWMt9+dM2HJJI10oCBlYgDh30HgyKpHbS7uSBYcaDRJI9wLWFu2kEDW0Gg1uTV4APUVIYbHINejG4VpsskZAkS9r8CDxBozFDaQPGR2MD+DwqTHpGQQrv8AY0drSE33N+f9V1509wagH4uH4o7UkBI3J+f9V7Vf/Sfn/VJgo2VTmYXANbjH4mrcY/E1bjH4mrcY/E1bjH4m/e//xAA5EQACAQMCAgYIAwgDAAAAAAABAgMABBEFEiExExYiQVFUBhAUMnGBkqEVQ2EgIzAzUlNysZHR4f/aAAgBAwEBPwD+MqlmVRzJAo+j14PzIv8Ak0+gXSc5Eo6Ld9xWhot6e5aj9H75zxKAfGk9Fpj71yg+VP6NQR4334BPiAK6rw+ab6a1PTzYzhN25GGVb9iD+dF/mKVMgcKMIbnUi28QyxwP1OKZo1dUJVWY4UE8TQVk48qfV7GJwj3cQbw3CvSJ0IguUlTfEwyueJGau/SyYufZ4l2DvbmaOqnVYzBLEFlALRsveRzH7CHa6nwIqHtRRnxUVqsl3BHJKbgRQBlGVXcwB4VdXOmyyq3ttzNheOUySfngAVFedG4e1sCGH507b2Hy4Crix1S8kzNcSSoy7lwdqEVFokLdH7hDDuGSDx4cceFXdpiRo88AxAzwyAedLY4Gdua02KNb2BidoWQEmtVtPZL6aMe6TuT4H1xjLqKhvreHT7eWRsDYo+JAr22K8upT0bLlMrxGcr8fEUwsYZBtMbEBkZm7XaAPHbg94oCOe2MUQkUdISo6Pdy7QGPiaitNYMQRYQviSADjiceGONJo2rkg9OqYO4AHABznkKn0DUZSC0sbEAAUdA1GPP7sH4Uno5f7d+Ey3EgnjWu6bMdMguHUdNCNr445X1xfzE/yFJYm+0myRWC7TmofR22XBkdn+wqLTrOL3YFz4njQVQOAArFdKoJG1vpNNM4GUgdj8hTS3xJ2wKB+p/8AaQ3xdd6oF78VDb3bQTxXrpIHJAwMdk1eWzWt1NA3NGIz4j1J76/EVpF/BDYRRuWyM1+KW/cGPyptWhUZ2HH6kCvx62OcFOHi1JrAkUuoXaDzORUnpBCn5yE+Cgsag1yS4lWNEkG4EqSmAceGa1DWHt42T2tFlPJRhmHyFT6nO0SbLuctzJ9yory5SeNzPIe0M5Y1qSst/dBiSekJ+R9Q5ioVxGvwqcOyt0bHIGPAeNPbzvkNHGCOeWZs0bWWMLlwCe5VH+zmrOOFoNjL0gD8d43cx+tanILcvF2thU4W3VRg+DmlW4QAmL2ePOxjnMpBGeZ5fKlt7G3Pvb2xx+NXS5lLRxsVPiuKVeOSVXHiQP8Adaxta6SRWB3xITg544x6zqs21R0a8BX4ncdypR1G5Pev0ijf3Z/OPyAFaRfyh7npZC2ISw3HvWjq/GRm7TE88cs8KOpNtKiPIP8AUf8AqvxG6HBCsf8AioFSXE8nvzO3xJ9dhZSXtwkSd9QaFp0KYaPee8k1qHo9bOhe3yhHMe9UPou0qBxeL9FdUpPOL9FdUpPOD6K6pSecX6K6pSecX6K6pSecX6K6pSecH0V1Sk84PorqlJ5xforqlJ5xfor0VKe0Tf1bDirmKZn1FGvYwXxuyCM7c8P0ArS4j7VcS9IjDByVz2tzZBOfCokkexu1izuYEJxxzUYqGDWY1RQ5C9s4JDH55NNJqsU0EbvIQX4kKDwO3n881Lbav7VPLG3NeHa7PugcATUo1iKIyGRjhOWF/pPHAzxziniv7uytijyCQM5Yk7D+nKrqTV4Q5LyYaXs7EU4XjRTVXZSRkI+5ckDPFsfYirJNT6RTcyHYA3Ds8fDOPVZ3clpOk0Z4g1BrmlzIWlQI597K7s1d67b4MdrFwPBm93hUWvXESBBHF966z3X9iP711juv7cP3rrHdf24fvXWu88vF96613nl4vvXWu88vF96613nl4vvXWu88vF96613nl4vv/G//2Q==');

/*Table structure for table `mst_price` */

DROP TABLE IF EXISTS `mst_price`;

CREATE TABLE `mst_price` (
  `N_ID` int(11) NOT NULL AUTO_INCREMENT,
  `N_ITENO` int(10) NOT NULL,
  `C_TYPE` char(2) DEFAULT NULL,
  `N_PRICE` double(13,0) DEFAULT NULL,
  `D_INSERT` timestamp NOT NULL DEFAULT CURRENT_TIMESTAMP,
  `D_VALID` datetime DEFAULT NULL,
  `D_EXPIRED` datetime DEFAULT NULL,
  `C_STATUS` tinyint(1) DEFAULT NULL,
  `D_UPDATE` timestamp NOT NULL DEFAULT CURRENT_TIMESTAMP ON UPDATE CURRENT_TIMESTAMP,
  PRIMARY KEY (`N_ID`)
) ENGINE=InnoDB AUTO_INCREMENT=4 DEFAULT CHARSET=latin1;

/*Data for the table `mst_price` */

insert  into `mst_price`(`N_ID`,`N_ITENO`,`C_TYPE`,`N_PRICE`,`D_INSERT`,`D_VALID`,`D_EXPIRED`,`C_STATUS`,`D_UPDATE`) values 
(1,1,'1',37000,'2018-11-16 17:17:47','2018-11-16 17:17:32','2018-12-31 17:17:37',1,'2018-12-01 09:55:09'),
(2,2,'1',9000,'2018-11-16 22:43:31','2018-11-17 00:00:00','2018-12-31 00:20:00',1,'2018-12-01 09:55:14'),
(3,3,'1',26500,'2018-12-02 15:33:40','2018-12-02 15:33:35','2018-12-31 15:33:37',1,'2018-12-02 15:33:43');

/*Table structure for table `mst_price_type` */

DROP TABLE IF EXISTS `mst_price_type`;

CREATE TABLE `mst_price_type` (
  `C_TYPE` char(2) NOT NULL,
  `V_DESC` varchar(40) DEFAULT NULL,
  PRIMARY KEY (`C_TYPE`)
) ENGINE=InnoDB DEFAULT CHARSET=latin1;

/*Data for the table `mst_price_type` */

insert  into `mst_price_type`(`C_TYPE`,`V_DESC`) values 
('1','Normal Price');

/*Table structure for table `mst_product` */

DROP TABLE IF EXISTS `mst_product`;

CREATE TABLE `mst_product` (
  `N_ITENO` int(10) NOT NULL AUTO_INCREMENT,
  `V_ITNAM` varchar(40) NOT NULL,
  `V_SHORTDESC` varchar(40) DEFAULT NULL,
  `V_DESC` text,
  `C_CATEGORY_ID` int(11) NOT NULL,
  `C_SELLER_ID` char(10) NOT NULL,
  `C_IMAGE_PATH` char(32) DEFAULT NULL,
  PRIMARY KEY (`N_ITENO`)
) ENGINE=InnoDB AUTO_INCREMENT=4 DEFAULT CHARSET=latin1;

/*Data for the table `mst_product` */

insert  into `mst_product`(`N_ITENO`,`V_ITNAM`,`V_SHORTDESC`,`V_DESC`,`C_CATEGORY_ID`,`C_SELLER_ID`,`C_IMAGE_PATH`) values 
(1,'Beng-Beng Regular 20Pcs @ 22gr','BENG BENG Regular Kemasan 22 Gr.','BENG BENG Regular merupakan wafer persembahan Beng Beng dengan coklat pilihan yang nikmat untuk Anda. Wafer ini terbuat dari bahan pilihan yang nikmat. Selain itu, wafer persembahan Superstar ini memiliki kemasan yang praktis dan mudah untuk dikonsumsi. Ideal dijadikan cemilan sehat saat santai Anda bersama keluarga. Kemasan 22 Gr.',1,'VD_FOOD','d899763b2423fe1e196ce165ef0247c9'),
(2,'Beng Beng Share It','Beng Beng Share It isi 10.','Beng Beng Share It isi 10.',1,'VD_FOOD','c233acc0f13bb1d8f15819d72c789d6b'),
(3,'Beng Beng Wafer Maxx Caramel Crispy','Beng Beng Wafer Maxx Caramel Crispy','Beng-Beng Maxx merupakan pengembangan dari Beng Beng reguler , wafer legendaris dari Mayora yang berslogan empat kelezatan dalam satu gigitan. Beng Maxx memberikan ukuran lebih besar daripada versi reguler untuk kenikmatan dan kepuasan maksimal. Beng Maxx meneruskan tradisi cokelat, wafer, karamel, dan rice crispy memberikan pengalaman yang berbeda ketika Anda menikmati rasa lezatnya cokelat. \r\n\r\nKomposisi : \r\nglukosa, gula, susu bubuk, beras renyah, tepung terigu, lemak nabati (mengandung antioksidan BHA), cocoa butter, cocoa mass, maltodekstrin, lemak susu, dekstrosa, emulsifier (lesitin kedelai), garam, agen ragi, rasa coklat, vanili.\r\n\r\n1 dus isi 12pcs (@32gr)',1,'VD_WAFER','4f1f956832e1872b3cac90374dd0233a');

/*Table structure for table `mst_seller` */

DROP TABLE IF EXISTS `mst_seller`;

CREATE TABLE `mst_seller` (
  `C_SELLER_ID` char(10) NOT NULL,
  `C_SELLER_NAME` varchar(40) DEFAULT NULL,
  `C_SELLER_ALIAS` varchar(12) DEFAULT NULL,
  `C_SELLER_ADDR` varchar(255) DEFAULT NULL,
  `C_SELLER_STATUS` tinyint(1) NOT NULL,
  `C_SELLER_MAIL` varchar(120) DEFAULT NULL,
  `C_SELLER_PHONE` varchar(16) DEFAULT NULL,
  `C_SELLER_BACKGROUND_IMAGE` char(32) DEFAULT NULL,
  `C_SELLER_PROFILE_IMAGE` char(32) DEFAULT NULL,
  PRIMARY KEY (`C_SELLER_ID`)
) ENGINE=InnoDB DEFAULT CHARSET=latin1;

/*Data for the table `mst_seller` */

insert  into `mst_seller`(`C_SELLER_ID`,`C_SELLER_NAME`,`C_SELLER_ALIAS`,`C_SELLER_ADDR`,`C_SELLER_STATUS`,`C_SELLER_MAIL`,`C_SELLER_PHONE`,`C_SELLER_BACKGROUND_IMAGE`,`C_SELLER_PROFILE_IMAGE`) values 
('VD_FOOD','Food Shop','food_shop','Jalan Food Shop No.1',0,NULL,NULL,NULL,NULL),
('VD_WAFER','Wafer Shop','wafer_shop','Jalan Wafer Shop No.1',1,NULL,NULL,NULL,NULL);

/*Table structure for table `mst_stock_product` */

DROP TABLE IF EXISTS `mst_stock_product`;

CREATE TABLE `mst_stock_product` (
  `N_ITENO` int(10) NOT NULL,
  `N_QOH` double(12,2) DEFAULT NULL,
  `D_UPDATE` timestamp NOT NULL DEFAULT CURRENT_TIMESTAMP ON UPDATE CURRENT_TIMESTAMP,
  PRIMARY KEY (`N_ITENO`)
) ENGINE=InnoDB DEFAULT CHARSET=latin1;

/*Data for the table `mst_stock_product` */

insert  into `mst_stock_product`(`N_ITENO`,`N_QOH`,`D_UPDATE`) values 
(1,971.00,'2018-12-05 13:24:11'),
(2,0.00,'2018-12-05 13:24:12'),
(3,229.00,'2018-12-05 12:01:03');

/*Table structure for table `mst_user` */

DROP TABLE IF EXISTS `mst_user`;

CREATE TABLE `mst_user` (
  `C_USERNAME` char(10) NOT NULL,
  `C_PASSWORD` varchar(36) NOT NULL,
  `C_NAME` varchar(40) DEFAULT NULL,
  `C_ADDRESS` varchar(255) DEFAULT NULL,
  `C_SELLER_ID` char(10) DEFAULT NULL,
  `C_STATUS` tinyint(1) DEFAULT NULL,
  `C_MAIL` varchar(120) DEFAULT NULL,
  `C_PHONE` varchar(16) DEFAULT NULL,
  `N_SALDO` decimal(12,0) NOT NULL,
  `C_BACKGROUND_IMAGE` char(32) DEFAULT NULL,
  `C_PROFILE_IMAGE` char(32) DEFAULT NULL,
  PRIMARY KEY (`C_USERNAME`)
) ENGINE=InnoDB DEFAULT CHARSET=latin1;

/*Data for the table `mst_user` */

insert  into `mst_user`(`C_USERNAME`,`C_PASSWORD`,`C_NAME`,`C_ADDRESS`,`C_SELLER_ID`,`C_STATUS`,`C_MAIL`,`C_PHONE`,`N_SALDO`,`C_BACKGROUND_IMAGE`,`C_PROFILE_IMAGE`) values 
('admin','admin','Admin','Jalan Shop',NULL,1,'admin@foodshop.com','021-983123',1294503,NULL,NULL),
('admin2','admin2','Admin 2','Jalan Shop Admin 2',NULL,1,NULL,NULL,0,NULL,NULL),
('admin3','admin2','Admin 2','Jalan Shop Admin 2',NULL,1,NULL,NULL,0,NULL,NULL);

/*Table structure for table `trx_cart` */

DROP TABLE IF EXISTS `trx_cart`;

CREATE TABLE `trx_cart` (
  `C_USERNAME` char(10) NOT NULL,
  `N_ITENO` int(10) NOT NULL,
  `N_BOOK` double(12,2) NOT NULL,
  `V_NOTES` varchar(40) DEFAULT NULL,
  PRIMARY KEY (`C_USERNAME`,`N_ITENO`)
) ENGINE=InnoDB DEFAULT CHARSET=latin1;

/*Data for the table `trx_cart` */

insert  into `trx_cart`(`C_USERNAME`,`N_ITENO`,`N_BOOK`,`V_NOTES`) values 
('',2,0.00,NULL);

/*Table structure for table `trx_history_saldo` */

DROP TABLE IF EXISTS `trx_history_saldo`;

CREATE TABLE `trx_history_saldo` (
  `N_ID` int(11) NOT NULL AUTO_INCREMENT,
  `C_USERNAME` char(10) NOT NULL,
  `N_SALDO` double NOT NULL,
  `D_TIME` timestamp NOT NULL DEFAULT CURRENT_TIMESTAMP,
  PRIMARY KEY (`N_ID`)
) ENGINE=InnoDB AUTO_INCREMENT=19 DEFAULT CHARSET=latin1;

/*Data for the table `trx_history_saldo` */

insert  into `trx_history_saldo`(`N_ID`,`C_USERNAME`,`N_SALDO`,`D_TIME`) values 
(7,'admin',10000,'2018-12-02 22:17:05'),
(8,'admin',1,'2018-12-03 00:56:31'),
(9,'admin',1,'2018-12-03 01:00:14'),
(10,'admin',1,'2018-12-03 01:00:59'),
(11,'admin',10000,'2018-12-03 01:04:59'),
(12,'admin',150000,'2018-12-03 01:05:13'),
(13,'admin',10000,'2018-12-03 01:07:55'),
(14,'admin',10000,'2018-12-03 01:11:04'),
(15,'admin',100000,'2018-12-05 11:43:28'),
(16,'admin',1000000,'2018-12-05 11:44:41'),
(17,'admin',10000,'2018-12-05 13:23:16'),
(18,'admin',1000000,'2018-12-05 13:23:25');

/*Table structure for table `trx_stock_history` */

DROP TABLE IF EXISTS `trx_stock_history`;

CREATE TABLE `trx_stock_history` (
  `N_ID` int(11) NOT NULL AUTO_INCREMENT,
  `N_ITENO` int(10) NOT NULL,
  `N_QOH` double(12,2) DEFAULT NULL,
  `N_QOH_OLD` double(12,2) DEFAULT NULL,
  `D_INSERT` timestamp NOT NULL DEFAULT CURRENT_TIMESTAMP,
  `C_USERNAME` char(10) NOT NULL,
  PRIMARY KEY (`N_ID`)
) ENGINE=InnoDB AUTO_INCREMENT=69 DEFAULT CHARSET=latin1;

/*Data for the table `trx_stock_history` */

insert  into `trx_stock_history`(`N_ID`,`N_ITENO`,`N_QOH`,`N_QOH_OLD`,`D_INSERT`,`C_USERNAME`) values 
(10,1,999.00,1000.00,'2018-12-03 22:30:40','admin'),
(11,2,99.00,100.00,'2018-12-03 22:30:41','admin'),
(12,3,249.00,250.00,'2018-12-03 22:30:41','admin'),
(13,3,247.00,249.00,'2018-12-04 23:34:29','admin'),
(14,1,998.00,999.00,'2018-12-04 23:36:28','admin'),
(15,3,246.00,247.00,'2018-12-04 23:36:29','admin'),
(16,1,997.00,998.00,'2018-12-04 23:38:18','admin'),
(17,3,245.00,246.00,'2018-12-04 23:38:18','admin'),
(18,1,996.00,997.00,'2018-12-04 23:38:35','admin'),
(19,2,89.00,99.00,'2018-12-04 23:38:35','admin'),
(20,1,995.00,996.00,'2018-12-05 01:06:52','admin'),
(21,2,84.00,89.00,'2018-12-05 01:06:53','admin'),
(22,1,994.00,995.00,'2018-12-05 01:27:34','admin'),
(23,2,83.00,84.00,'2018-12-05 01:27:35','admin'),
(24,1,993.00,994.00,'2018-12-05 01:30:01','admin'),
(25,2,82.00,83.00,'2018-12-05 01:30:02','admin'),
(26,3,244.00,245.00,'2018-12-05 01:30:03','admin'),
(27,2,81.00,82.00,'2018-12-05 11:36:12','admin'),
(28,3,243.00,244.00,'2018-12-05 11:36:13','admin'),
(29,2,79.00,81.00,'2018-12-05 11:38:23','admin'),
(30,3,241.00,243.00,'2018-12-05 11:38:23','admin'),
(31,1,992.00,993.00,'2018-12-05 11:40:30','admin'),
(32,2,78.00,79.00,'2018-12-05 11:40:31','admin'),
(33,3,240.00,241.00,'2018-12-05 11:40:31','admin'),
(34,1,990.00,992.00,'2018-12-05 11:43:38','admin'),
(35,2,77.00,78.00,'2018-12-05 11:43:39','admin'),
(36,3,239.00,240.00,'2018-12-05 11:43:40','admin'),
(37,1,989.00,990.00,'2018-12-05 11:46:15','admin'),
(38,2,76.00,77.00,'2018-12-05 11:46:16','admin'),
(39,3,238.00,239.00,'2018-12-05 11:46:16','admin'),
(40,1,988.00,989.00,'2018-12-05 11:48:14','admin'),
(41,2,75.00,76.00,'2018-12-05 11:48:15','admin'),
(42,3,237.00,238.00,'2018-12-05 11:48:16','admin'),
(43,1,987.00,988.00,'2018-12-05 11:49:59','admin'),
(44,2,74.00,75.00,'2018-12-05 11:50:00','admin'),
(45,3,236.00,237.00,'2018-12-05 11:50:00','admin'),
(46,1,986.00,987.00,'2018-12-05 11:52:03','admin'),
(47,2,73.00,74.00,'2018-12-05 11:52:04','admin'),
(48,3,235.00,236.00,'2018-12-05 11:52:04','admin'),
(49,1,985.00,986.00,'2018-12-05 11:53:56','admin'),
(50,2,72.00,73.00,'2018-12-05 11:53:57','admin'),
(51,3,234.00,235.00,'2018-12-05 11:53:58','admin'),
(52,1,984.00,985.00,'2018-12-05 11:55:39','admin'),
(53,2,71.00,72.00,'2018-12-05 11:55:40','admin'),
(54,3,233.00,234.00,'2018-12-05 11:55:40','admin'),
(55,1,983.00,984.00,'2018-12-05 11:57:58','admin'),
(56,2,70.00,71.00,'2018-12-05 11:57:59','admin'),
(57,3,232.00,233.00,'2018-12-05 11:57:59','admin'),
(58,1,982.00,983.00,'2018-12-05 11:58:33','admin'),
(59,2,69.00,70.00,'2018-12-05 11:58:34','admin'),
(60,3,231.00,232.00,'2018-12-05 11:58:35','admin'),
(61,1,981.00,982.00,'2018-12-05 11:59:42','admin'),
(62,2,68.00,69.00,'2018-12-05 11:59:43','admin'),
(63,3,230.00,231.00,'2018-12-05 11:59:43','admin'),
(64,1,980.00,981.00,'2018-12-05 12:01:02','admin'),
(65,2,67.00,68.00,'2018-12-05 12:01:02','admin'),
(66,3,229.00,230.00,'2018-12-05 12:01:03','admin'),
(67,1,971.00,980.00,'2018-12-05 13:24:11','admin'),
(68,2,0.00,67.00,'2018-12-05 13:24:12','admin');

/*Table structure for table `trx_trans` */

DROP TABLE IF EXISTS `trx_trans`;

CREATE TABLE `trx_trans` (
  `N_TRX_ID` char(20) NOT NULL,
  `C_USERNAME` char(10) NOT NULL,
  `D_TIME` timestamp NOT NULL DEFAULT CURRENT_TIMESTAMP,
  PRIMARY KEY (`N_TRX_ID`)
) ENGINE=InnoDB DEFAULT CHARSET=latin1;

/*Data for the table `trx_trans` */

insert  into `trx_trans`(`N_TRX_ID`,`C_USERNAME`,`D_TIME`) values 
('TRX/20181205/1','admin','2018-12-05 12:01:01'),
('TRX/20181205/2','admin','2018-12-05 12:01:03'),
('TRX/20181205/3','admin','2018-12-05 13:24:10');

/*Table structure for table `trx_trans_detail` */

DROP TABLE IF EXISTS `trx_trans_detail`;

CREATE TABLE `trx_trans_detail` (
  `N_TRX_ID` char(20) NOT NULL,
  `N_ITENO` int(10) NOT NULL,
  `N_QTY` double(12,0) NOT NULL,
  `N_TOTAL` decimal(32,0) NOT NULL,
  `V_NOTES` varchar(40) DEFAULT NULL,
  PRIMARY KEY (`N_TRX_ID`,`N_ITENO`)
) ENGINE=InnoDB DEFAULT CHARSET=latin1;

/*Data for the table `trx_trans_detail` */

insert  into `trx_trans_detail`(`N_TRX_ID`,`N_ITENO`,`N_QTY`,`N_TOTAL`,`V_NOTES`) values 
('TRX/20181205/1',1,1,37000,NULL),
('TRX/20181205/1',2,1,9000,NULL),
('TRX/20181205/2',3,1,26500,NULL),
('TRX/20181205/3',1,9,333000,''),
('TRX/20181205/3',2,67,603000,'');

/*!40101 SET SQL_MODE=@OLD_SQL_MODE */;
/*!40014 SET FOREIGN_KEY_CHECKS=@OLD_FOREIGN_KEY_CHECKS */;
/*!40014 SET UNIQUE_CHECKS=@OLD_UNIQUE_CHECKS */;
/*!40111 SET SQL_NOTES=@OLD_SQL_NOTES */;
